pixel_no,pixel_x,pixel_y,latitude,longitude,C12_real_mean,C12_real_sigma
1,-1,-2,NaN,NaN,NaN,NaN
2,0,-2,NaN,NaN,NaN,NaN
3,1,-2,NaN,NaN,NaN,NaN
4,2,-2,NaN,NaN,NaN,NaN
5,3,-2,NaN,NaN,NaN,NaN
6,4,-2,NaN,NaN,NaN,NaN
7,5,-2,NaN,NaN,NaN,NaN
8,6,-2,NaN,NaN,NaN,NaN
9,7,-2,NaN,NaN,NaN,NaN
10,8,-2,NaN,NaN,NaN,NaN
11,9,-2,NaN,NaN,NaN,NaN
12,10,-2,NaN,NaN,NaN,NaN
13,11,-2,NaN,NaN,NaN,NaN
14,12,-2,NaN,NaN,NaN,NaN
15,13,-2,NaN,NaN,NaN,NaN
16,14,-2,NaN,NaN,NaN,NaN
17,15,-2,NaN,NaN,NaN,NaN
18,16,-2,NaN,NaN,NaN,NaN
19,17,-2,NaN,NaN,NaN,NaN
20,18,-2,NaN,NaN,NaN,NaN
21,19,-2,NaN,NaN,NaN,NaN
22,20,-2,NaN,NaN,NaN,NaN
23,21,-2,NaN,NaN,NaN,NaN
24,22,-2,NaN,NaN,NaN,NaN
25,23,-2,NaN,NaN,NaN,NaN
26,24,-2,NaN,NaN,NaN,NaN
27,25,-2,NaN,NaN,NaN,NaN
28,26,-2,NaN,NaN,NaN,NaN
29,27,-2,NaN,NaN,NaN,NaN
30,28,-2,NaN,NaN,NaN,NaN
31,29,-2,NaN,NaN,NaN,NaN
32,30,-2,NaN,NaN,NaN,NaN
33,31,-2,NaN,NaN,NaN,NaN
34,32,-2,NaN,NaN,NaN,NaN
35,33,-2,NaN,NaN,NaN,NaN
36,34,-2,NaN,NaN,NaN,NaN
37,35,-2,NaN,NaN,NaN,NaN
38,36,-2,NaN,NaN,NaN,NaN
39,37,-2,NaN,NaN,NaN,NaN
40,38,-2,NaN,NaN,NaN,NaN
41,39,-2,NaN,NaN,NaN,NaN
42,40,-2,NaN,NaN,NaN,NaN
43,41,-2,NaN,NaN,NaN,NaN
44,42,-2,NaN,NaN,NaN,NaN
45,43,-2,NaN,NaN,NaN,NaN
46,44,-2,NaN,NaN,NaN,NaN
47,45,-2,NaN,NaN,NaN,NaN
48,46,-2,NaN,NaN,NaN,NaN
49,47,-2,NaN,NaN,NaN,NaN
50,48,-2,NaN,NaN,NaN,NaN
51,49,-2,NaN,NaN,NaN,NaN
52,50,-2,NaN,NaN,NaN,NaN
53,51,-2,NaN,NaN,NaN,NaN
54,52,-2,NaN,NaN,NaN,NaN
55,53,-2,NaN,NaN,NaN,NaN
56,54,-2,NaN,NaN,NaN,NaN
57,55,-2,NaN,NaN,NaN,NaN
58,56,-2,NaN,NaN,NaN,NaN
59,57,-2,NaN,NaN,NaN,NaN
60,58,-2,NaN,NaN,NaN,NaN
61,59,-2,NaN,NaN,NaN,NaN
62,60,-2,NaN,NaN,NaN,NaN
63,61,-2,NaN,NaN,NaN,NaN
64,62,-2,NaN,NaN,NaN,NaN
65,63,-2,NaN,NaN,NaN,NaN
66,64,-2,NaN,NaN,NaN,NaN
67,65,-2,NaN,NaN,NaN,NaN
68,66,-2,NaN,NaN,NaN,NaN
69,67,-2,NaN,NaN,NaN,NaN
70,68,-2,NaN,NaN,NaN,NaN
71,69,-2,NaN,NaN,NaN,NaN
72,70,-2,NaN,NaN,NaN,NaN
73,71,-2,NaN,NaN,NaN,NaN
74,72,-2,NaN,NaN,NaN,NaN
75,73,-2,NaN,NaN,NaN,NaN
76,74,-2,NaN,NaN,NaN,NaN
77,75,-2,NaN,NaN,NaN,NaN
78,76,-2,NaN,NaN,NaN,NaN
79,77,-2,NaN,NaN,NaN,NaN
80,78,-2,NaN,NaN,NaN,NaN
81,79,-2,NaN,NaN,NaN,NaN
82,80,-2,NaN,NaN,NaN,NaN
83,81,-2,NaN,NaN,NaN,NaN
84,82,-2,NaN,NaN,NaN,NaN
85,83,-2,NaN,NaN,NaN,NaN
86,84,-2,NaN,NaN,NaN,NaN
87,85,-2,NaN,NaN,NaN,NaN
88,86,-2,NaN,NaN,NaN,NaN
89,87,-2,NaN,NaN,NaN,NaN
90,88,-2,NaN,NaN,NaN,NaN
91,89,-2,NaN,NaN,NaN,NaN
92,90,-2,NaN,NaN,NaN,NaN
93,91,-2,NaN,NaN,NaN,NaN
94,92,-2,NaN,NaN,NaN,NaN
95,93,-2,NaN,NaN,NaN,NaN
96,94,-2,NaN,NaN,NaN,NaN
97,95,-2,NaN,NaN,NaN,NaN
98,96,-2,NaN,NaN,NaN,NaN
99,97,-2,NaN,NaN,NaN,NaN
100,98,-2,NaN,NaN,NaN,NaN
101,99,-2,NaN,NaN,NaN,NaN
102,100,-2,NaN,NaN,NaN,NaN
103,101,-2,NaN,NaN,NaN,NaN
104,102,-2,NaN,NaN,NaN,NaN
105,103,-2,NaN,NaN,NaN,NaN
106,104,-2,NaN,NaN,NaN,NaN
107,105,-2,NaN,NaN,NaN,NaN
108,106,-2,NaN,NaN,NaN,NaN
109,107,-2,NaN,NaN,NaN,NaN
110,108,-2,NaN,NaN,NaN,NaN
111,109,-2,NaN,NaN,NaN,NaN
112,110,-2,NaN,NaN,NaN,NaN
113,111,-2,NaN,NaN,NaN,NaN
114,112,-2,NaN,NaN,NaN,NaN
115,113,-2,NaN,NaN,NaN,NaN
116,114,-2,NaN,NaN,NaN,NaN
117,115,-2,NaN,NaN,NaN,NaN
118,116,-2,NaN,NaN,NaN,NaN
119,117,-2,NaN,NaN,NaN,NaN
120,118,-2,NaN,NaN,NaN,NaN
121,119,-2,NaN,NaN,NaN,NaN
122,120,-2,NaN,NaN,NaN,NaN
123,121,-2,NaN,NaN,NaN,NaN
124,122,-2,NaN,NaN,NaN,NaN
125,123,-2,NaN,NaN,NaN,NaN
126,124,-2,NaN,NaN,NaN,NaN
127,125,-2,NaN,NaN,NaN,NaN
128,126,-2,NaN,NaN,NaN,NaN
129,127,-2,NaN,NaN,NaN,NaN
130,128,-2,NaN,NaN,NaN,NaN
131,129,-2,NaN,NaN,NaN,NaN
132,130,-2,NaN,NaN,NaN,NaN
133,131,-2,NaN,NaN,NaN,NaN
134,132,-2,NaN,NaN,NaN,NaN
135,133,-2,NaN,NaN,NaN,NaN
136,134,-2,NaN,NaN,NaN,NaN
137,135,-2,NaN,NaN,NaN,NaN
138,136,-2,NaN,NaN,NaN,NaN
139,137,-2,NaN,NaN,NaN,NaN
140,138,-2,NaN,NaN,NaN,NaN
141,139,-2,NaN,NaN,NaN,NaN
142,140,-2,NaN,NaN,NaN,NaN
143,141,-2,NaN,NaN,NaN,NaN
144,142,-2,NaN,NaN,NaN,NaN
145,143,-2,NaN,NaN,NaN,NaN
146,144,-2,NaN,NaN,NaN,NaN
147,145,-2,NaN,NaN,NaN,NaN
148,146,-2,NaN,NaN,NaN,NaN
149,147,-2,NaN,NaN,NaN,NaN
150,148,-2,NaN,NaN,NaN,NaN
151,149,-2,NaN,NaN,NaN,NaN
152,150,-2,NaN,NaN,NaN,NaN
153,151,-2,NaN,NaN,NaN,NaN
154,152,-2,NaN,NaN,NaN,NaN
155,153,-2,NaN,NaN,NaN,NaN
156,154,-2,NaN,NaN,NaN,NaN
157,155,-2,NaN,NaN,NaN,NaN
158,156,-2,NaN,NaN,NaN,NaN
159,157,-2,NaN,NaN,NaN,NaN
160,158,-2,NaN,NaN,NaN,NaN
161,159,-2,NaN,NaN,NaN,NaN
162,160,-2,NaN,NaN,NaN,NaN
163,161,-2,NaN,NaN,NaN,NaN
164,162,-2,NaN,NaN,NaN,NaN
165,163,-2,NaN,NaN,NaN,NaN
166,164,-2,NaN,NaN,NaN,NaN
167,165,-2,NaN,NaN,NaN,NaN
168,166,-2,NaN,NaN,NaN,NaN
169,167,-2,NaN,NaN,NaN,NaN
170,168,-2,NaN,NaN,NaN,NaN
171,169,-2,NaN,NaN,NaN,NaN
172,170,-2,NaN,NaN,NaN,NaN
173,171,-2,NaN,NaN,NaN,NaN
174,172,-2,NaN,NaN,NaN,NaN
175,173,-2,NaN,NaN,NaN,NaN
176,174,-2,NaN,NaN,NaN,NaN
177,175,-2,NaN,NaN,NaN,NaN
178,176,-2,NaN,NaN,NaN,NaN
179,177,-2,NaN,NaN,NaN,NaN
180,178,-2,NaN,NaN,NaN,NaN
181,179,-2,NaN,NaN,NaN,NaN
182,180,-2,NaN,NaN,NaN,NaN
183,181,-2,NaN,NaN,NaN,NaN
184,182,-2,NaN,NaN,NaN,NaN
185,183,-2,NaN,NaN,NaN,NaN
186,184,-2,NaN,NaN,NaN,NaN
187,185,-2,NaN,NaN,NaN,NaN
188,186,-2,NaN,NaN,NaN,NaN
189,187,-2,NaN,NaN,NaN,NaN
190,188,-2,NaN,NaN,NaN,NaN
191,189,-2,NaN,NaN,NaN,NaN
192,190,-2,NaN,NaN,NaN,NaN
193,191,-2,NaN,NaN,NaN,NaN
194,192,-2,NaN,NaN,NaN,NaN
195,193,-2,NaN,NaN,NaN,NaN
196,194,-2,NaN,NaN,NaN,NaN
197,195,-2,NaN,NaN,NaN,NaN
198,196,-2,NaN,NaN,NaN,NaN
199,197,-2,NaN,NaN,NaN,NaN
200,198,-2,NaN,NaN,NaN,NaN
201,199,-2,NaN,NaN,NaN,NaN
202,200,-2,NaN,NaN,NaN,NaN
203,201,-2,NaN,NaN,NaN,NaN
204,202,-2,NaN,NaN,NaN,NaN
205,203,-2,NaN,NaN,NaN,NaN
206,204,-2,NaN,NaN,NaN,NaN
207,205,-2,NaN,NaN,NaN,NaN
208,206,-2,NaN,NaN,NaN,NaN
209,207,-2,NaN,NaN,NaN,NaN
210,208,-2,NaN,NaN,NaN,NaN
211,209,-2,NaN,NaN,NaN,NaN
212,210,-2,NaN,NaN,NaN,NaN
213,211,-2,NaN,NaN,NaN,NaN
214,212,-2,NaN,NaN,NaN,NaN
215,213,-2,NaN,NaN,NaN,NaN
216,214,-2,NaN,NaN,NaN,NaN
217,215,-2,NaN,NaN,NaN,NaN
218,216,-2,NaN,NaN,NaN,NaN
219,217,-2,NaN,NaN,NaN,NaN
220,218,-2,NaN,NaN,NaN,NaN
221,219,-2,NaN,NaN,NaN,NaN
222,220,-2,NaN,NaN,NaN,NaN
223,221,-2,NaN,NaN,NaN,NaN
224,222,-2,NaN,NaN,NaN,NaN
225,223,-2,NaN,NaN,NaN,NaN
226,224,-2,NaN,NaN,NaN,NaN
227,225,-2,NaN,NaN,NaN,NaN
228,226,-2,NaN,NaN,NaN,NaN
229,227,-2,NaN,NaN,NaN,NaN
230,228,-2,NaN,NaN,NaN,NaN
231,229,-2,NaN,NaN,NaN,NaN
232,230,-2,NaN,NaN,NaN,NaN
233,231,-2,NaN,NaN,NaN,NaN
234,232,-2,NaN,NaN,NaN,NaN
235,233,-2,NaN,NaN,NaN,NaN
236,234,-2,NaN,NaN,NaN,NaN
237,235,-2,NaN,NaN,NaN,NaN
238,236,-2,NaN,NaN,NaN,NaN
239,237,-2,NaN,NaN,NaN,NaN
240,238,-2,NaN,NaN,NaN,NaN
241,239,-2,NaN,NaN,NaN,NaN
242,240,-2,NaN,NaN,NaN,NaN
243,241,-2,NaN,NaN,NaN,NaN
244,242,-2,NaN,NaN,NaN,NaN
245,243,-2,NaN,NaN,NaN,NaN
246,244,-2,NaN,NaN,NaN,NaN
247,245,-2,NaN,NaN,NaN,NaN
248,246,-2,NaN,NaN,NaN,NaN
249,247,-2,NaN,NaN,NaN,NaN
250,248,-2,NaN,NaN,NaN,NaN
251,249,-2,NaN,NaN,NaN,NaN
252,250,-2,NaN,NaN,NaN,NaN
253,251,-2,NaN,NaN,NaN,NaN
254,252,-2,NaN,NaN,NaN,NaN
255,253,-2,NaN,NaN,NaN,NaN
256,254,-2,NaN,NaN,NaN,NaN
257,255,-2,NaN,NaN,NaN,NaN
258,256,-2,NaN,NaN,NaN,NaN
259,257,-2,NaN,NaN,NaN,NaN
260,258,-2,NaN,NaN,NaN,NaN
261,259,-2,NaN,NaN,NaN,NaN
262,260,-2,NaN,NaN,NaN,NaN
263,261,-2,NaN,NaN,NaN,NaN
264,262,-2,NaN,NaN,NaN,NaN
265,263,-2,NaN,NaN,NaN,NaN
266,264,-2,NaN,NaN,NaN,NaN
267,265,-2,NaN,NaN,NaN,NaN
268,266,-2,NaN,NaN,NaN,NaN
269,267,-2,NaN,NaN,NaN,NaN
270,268,-2,NaN,NaN,NaN,NaN
271,269,-2,NaN,NaN,NaN,NaN
272,270,-2,NaN,NaN,NaN,NaN
273,271,-2,NaN,NaN,NaN,NaN
274,272,-2,NaN,NaN,NaN,NaN
275,273,-2,NaN,NaN,NaN,NaN
276,274,-2,NaN,NaN,NaN,NaN
277,275,-2,NaN,NaN,NaN,NaN
278,276,-2,NaN,NaN,NaN,NaN
279,277,-2,NaN,NaN,NaN,NaN
280,278,-2,NaN,NaN,NaN,NaN
281,279,-2,NaN,NaN,NaN,NaN
282,280,-2,NaN,NaN,NaN,NaN
283,281,-2,NaN,NaN,NaN,NaN
284,282,-2,NaN,NaN,NaN,NaN
285,283,-2,NaN,NaN,NaN,NaN
286,284,-2,NaN,NaN,NaN,NaN
287,285,-2,NaN,NaN,NaN,NaN
288,286,-2,NaN,NaN,NaN,NaN
289,287,-2,NaN,NaN,NaN,NaN
290,288,-2,NaN,NaN,NaN,NaN
291,289,-2,NaN,NaN,NaN,NaN
292,290,-2,NaN,NaN,NaN,NaN
293,291,-2,NaN,NaN,NaN,NaN
294,292,-2,NaN,NaN,NaN,NaN
295,293,-2,NaN,NaN,NaN,NaN
296,294,-2,NaN,NaN,NaN,NaN
297,295,-2,NaN,NaN,NaN,NaN
298,296,-2,NaN,NaN,NaN,NaN
299,297,-2,NaN,NaN,NaN,NaN
300,298,-2,NaN,NaN,NaN,NaN
301,299,-2,NaN,NaN,NaN,NaN
302,300,-2,NaN,NaN,NaN,NaN
303,301,-2,NaN,NaN,NaN,NaN
304,302,-2,NaN,NaN,NaN,NaN
305,303,-2,NaN,NaN,NaN,NaN
306,304,-2,NaN,NaN,NaN,NaN
307,305,-2,NaN,NaN,NaN,NaN
308,306,-2,NaN,NaN,NaN,NaN
309,307,-2,NaN,NaN,NaN,NaN
310,308,-2,NaN,NaN,NaN,NaN
311,309,-2,NaN,NaN,NaN,NaN
312,310,-2,NaN,NaN,NaN,NaN
313,311,-2,NaN,NaN,NaN,NaN
314,312,-2,NaN,NaN,NaN,NaN
315,313,-2,NaN,NaN,NaN,NaN
316,314,-2,NaN,NaN,NaN,NaN
317,315,-2,NaN,NaN,NaN,NaN
318,316,-2,NaN,NaN,NaN,NaN
319,317,-2,NaN,NaN,NaN,NaN
320,318,-2,NaN,NaN,NaN,NaN
321,319,-2,NaN,NaN,NaN,NaN
322,320,-2,NaN,NaN,NaN,NaN
323,321,-2,NaN,NaN,NaN,NaN
324,322,-2,NaN,NaN,NaN,NaN
325,323,-2,NaN,NaN,NaN,NaN
326,324,-2,NaN,NaN,NaN,NaN
327,325,-2,NaN,NaN,NaN,NaN
328,326,-2,NaN,NaN,NaN,NaN
329,327,-2,NaN,NaN,NaN,NaN
330,328,-2,NaN,NaN,NaN,NaN
331,329,-2,NaN,NaN,NaN,NaN
332,330,-2,NaN,NaN,NaN,NaN
333,331,-2,NaN,NaN,NaN,NaN
334,332,-2,NaN,NaN,NaN,NaN
335,333,-2,NaN,NaN,NaN,NaN
336,334,-2,NaN,NaN,NaN,NaN
337,335,-2,NaN,NaN,NaN,NaN
338,336,-2,NaN,NaN,NaN,NaN
339,337,-2,NaN,NaN,NaN,NaN
340,338,-2,NaN,NaN,NaN,NaN
341,339,-2,NaN,NaN,NaN,NaN
342,340,-2,NaN,NaN,NaN,NaN
343,341,-2,NaN,NaN,NaN,NaN
344,342,-2,NaN,NaN,NaN,NaN
345,343,-2,NaN,NaN,NaN,NaN
346,344,-2,NaN,NaN,NaN,NaN
347,345,-2,NaN,NaN,NaN,NaN
348,346,-2,NaN,NaN,NaN,NaN
349,347,-2,NaN,NaN,NaN,NaN
350,348,-2,NaN,NaN,NaN,NaN
351,349,-2,NaN,NaN,NaN,NaN
352,350,-2,NaN,NaN,NaN,NaN
353,351,-2,NaN,NaN,NaN,NaN
354,352,-2,NaN,NaN,NaN,NaN
355,353,-2,NaN,NaN,NaN,NaN
356,354,-2,NaN,NaN,NaN,NaN
357,355,-2,NaN,NaN,NaN,NaN
358,356,-2,NaN,NaN,NaN,NaN
359,357,-2,NaN,NaN,NaN,NaN
360,358,-2,NaN,NaN,NaN,NaN
361,359,-2,NaN,NaN,NaN,NaN
362,360,-2,NaN,NaN,NaN,NaN
363,361,-2,NaN,NaN,NaN,NaN
364,362,-2,NaN,NaN,NaN,NaN
365,363,-2,NaN,NaN,NaN,NaN
366,364,-2,NaN,NaN,NaN,NaN
367,365,-2,NaN,NaN,NaN,NaN
368,366,-2,NaN,NaN,NaN,NaN
369,367,-2,NaN,NaN,NaN,NaN
370,368,-2,NaN,NaN,NaN,NaN
371,369,-2,NaN,NaN,NaN,NaN
372,370,-2,NaN,NaN,NaN,NaN
373,371,-2,NaN,NaN,NaN,NaN
374,372,-2,NaN,NaN,NaN,NaN
375,373,-2,NaN,NaN,NaN,NaN
376,374,-2,NaN,NaN,NaN,NaN
377,375,-2,NaN,NaN,NaN,NaN
378,376,-2,NaN,NaN,NaN,NaN
379,377,-2,NaN,NaN,NaN,NaN
380,378,-2,NaN,NaN,NaN,NaN
381,379,-2,NaN,NaN,NaN,NaN
382,380,-2,NaN,NaN,NaN,NaN
383,381,-2,NaN,NaN,NaN,NaN
384,382,-2,NaN,NaN,NaN,NaN
385,383,-2,NaN,NaN,NaN,NaN
386,384,-2,NaN,NaN,NaN,NaN
387,385,-2,NaN,NaN,NaN,NaN
388,386,-2,NaN,NaN,NaN,NaN
389,387,-2,NaN,NaN,NaN,NaN
390,388,-2,NaN,NaN,NaN,NaN
391,389,-2,NaN,NaN,NaN,NaN
392,390,-2,NaN,NaN,NaN,NaN
393,391,-2,NaN,NaN,NaN,NaN
394,392,-2,NaN,NaN,NaN,NaN
395,393,-2,NaN,NaN,NaN,NaN
396,394,-2,NaN,NaN,NaN,NaN
397,395,-2,NaN,NaN,NaN,NaN
398,396,-2,NaN,NaN,NaN,NaN
399,397,-2,NaN,NaN,NaN,NaN
400,398,-2,NaN,NaN,NaN,NaN
401,399,-2,NaN,NaN,NaN,NaN
402,400,-2,NaN,NaN,NaN,NaN
403,401,-2,NaN,NaN,NaN,NaN
404,402,-2,NaN,NaN,NaN,NaN
405,403,-2,NaN,NaN,NaN,NaN
406,404,-2,NaN,NaN,NaN,NaN
407,405,-2,NaN,NaN,NaN,NaN
408,406,-2,NaN,NaN,NaN,NaN
409,407,-2,NaN,NaN,NaN,NaN
410,408,-2,NaN,NaN,NaN,NaN
411,409,-2,NaN,NaN,NaN,NaN
412,410,-2,NaN,NaN,NaN,NaN
413,411,-2,NaN,NaN,NaN,NaN
414,412,-2,NaN,NaN,NaN,NaN
415,413,-2,NaN,NaN,NaN,NaN
416,414,-2,NaN,NaN,NaN,NaN
417,415,-2,NaN,NaN,NaN,NaN
418,416,-2,NaN,NaN,NaN,NaN
419,417,-2,NaN,NaN,NaN,NaN
420,418,-2,NaN,NaN,NaN,NaN
421,419,-2,NaN,NaN,NaN,NaN
422,420,-2,NaN,NaN,NaN,NaN
423,421,-2,NaN,NaN,NaN,NaN
424,422,-2,NaN,NaN,NaN,NaN
425,423,-2,NaN,NaN,NaN,NaN
426,424,-2,NaN,NaN,NaN,NaN
427,425,-2,NaN,NaN,NaN,NaN
428,426,-2,NaN,NaN,NaN,NaN
429,427,-2,NaN,NaN,NaN,NaN
430,428,-2,NaN,NaN,NaN,NaN
431,429,-2,NaN,NaN,NaN,NaN
432,430,-2,NaN,NaN,NaN,NaN
433,431,-2,NaN,NaN,NaN,NaN
434,432,-2,NaN,NaN,NaN,NaN
435,433,-2,NaN,NaN,NaN,NaN
436,434,-2,NaN,NaN,NaN,NaN
437,435,-2,NaN,NaN,NaN,NaN
438,436,-2,NaN,NaN,NaN,NaN
439,437,-2,NaN,NaN,NaN,NaN
440,438,-2,NaN,NaN,NaN,NaN
441,439,-2,NaN,NaN,NaN,NaN
442,440,-2,NaN,NaN,NaN,NaN
443,441,-2,NaN,NaN,NaN,NaN
444,442,-2,NaN,NaN,NaN,NaN
445,443,-2,NaN,NaN,NaN,NaN
446,444,-2,NaN,NaN,NaN,NaN
447,445,-2,NaN,NaN,NaN,NaN
448,446,-2,NaN,NaN,NaN,NaN
449,447,-2,NaN,NaN,NaN,NaN
450,448,-2,NaN,NaN,NaN,NaN
451,449,-2,NaN,NaN,NaN,NaN
452,450,-2,NaN,NaN,NaN,NaN
453,451,-2,NaN,NaN,NaN,NaN
454,452,-2,NaN,NaN,NaN,NaN
455,453,-2,NaN,NaN,NaN,NaN
456,454,-2,NaN,NaN,NaN,NaN
457,455,-2,NaN,NaN,NaN,NaN
458,456,-2,NaN,NaN,NaN,NaN
459,457,-2,NaN,NaN,NaN,NaN
460,458,-2,NaN,NaN,NaN,NaN
461,459,-2,NaN,NaN,NaN,NaN
462,460,-2,NaN,NaN,NaN,NaN
463,461,-2,NaN,NaN,NaN,NaN
464,462,-2,NaN,NaN,NaN,NaN
465,463,-2,NaN,NaN,NaN,NaN
466,464,-2,NaN,NaN,NaN,NaN
467,465,-2,NaN,NaN,NaN,NaN
468,466,-2,NaN,NaN,NaN,NaN
469,467,-2,NaN,NaN,NaN,NaN
470,468,-2,NaN,NaN,NaN,NaN
471,469,-2,NaN,NaN,NaN,NaN
472,470,-2,NaN,NaN,NaN,NaN
473,471,-2,NaN,NaN,NaN,NaN
474,472,-2,NaN,NaN,NaN,NaN
475,473,-2,NaN,NaN,NaN,NaN
476,474,-2,NaN,NaN,NaN,NaN
477,475,-2,NaN,NaN,NaN,NaN
478,476,-2,NaN,NaN,NaN,NaN
479,477,-2,NaN,NaN,NaN,NaN
480,478,-2,NaN,NaN,NaN,NaN
481,479,-2,NaN,NaN,NaN,NaN
482,480,-2,NaN,NaN,NaN,NaN
483,481,-2,NaN,NaN,NaN,NaN
484,482,-2,NaN,NaN,NaN,NaN
485,483,-2,NaN,NaN,NaN,NaN
486,484,-2,NaN,NaN,NaN,NaN
487,485,-2,NaN,NaN,NaN,NaN
488,486,-2,NaN,NaN,NaN,NaN
489,487,-2,NaN,NaN,NaN,NaN
490,488,-2,NaN,NaN,NaN,NaN
491,489,-2,NaN,NaN,NaN,NaN
492,490,-2,NaN,NaN,NaN,NaN
493,491,-2,NaN,NaN,NaN,NaN
494,492,-2,NaN,NaN,NaN,NaN
495,493,-2,NaN,NaN,NaN,NaN
496,493,-1,NaN,NaN,NaN,NaN
497,493,0,12.2658935401989,76.2177132077499,19.027765,886.50024
498,493,1,12.2657691959118,76.2176880212436,-365.91855,918.38245
499,493,2,12.2656448516246,76.2176628347374,-1067.7556,753.6467
500,493,3,12.2655205073374,76.2176376482312,-1266.8667,690.026
501,493,4,12.2653961630502,76.217612461725,-989.32776,910.6905
502,493,5,12.265271818763,76.2175872752187,-403.47223,841.57477
503,493,6,12.2651474744758,76.2175620887125,-6.3425922,472.50046
504,493,7,12.2650231301886,76.2175369022063,123.73334,286.03824
505,493,8,12.2648987859014,76.2175117157,154.35742,364.25824
506,493,9,12.2647744416142,76.2174865291938,489.18704,673.6055
507,493,10,12.264650097327,76.2174613426876,1162.9019,1025.5251
508,493,11,12.2645257530398,76.2174361561813,1590.7334,1208.1567
509,493,12,12.2644014087526,76.2174109696751,1871.0315,1146.8634
510,493,13,12.2642770644654,76.2173857831688,1797.7296,1172.797
511,493,14,12.2641527201783,76.2173605966626,1655.7648,862.50836
512,493,15,12.2640283758911,76.2173354101563,1062.6296,1030.8678
513,493,16,12.2639040316039,76.2173102236501,325.26297,789.9612
514,493,17,12.2637796873167,76.2172850371438,-271.6463,438.87866
515,493,18,12.2636553430295,76.2172598506375,-431.6,291.83627
516,493,19,12.2635309987423,76.2172346641313,-610.08887,393.90692
517,493,20,12.2634066544551,76.217209477625,-709.3555,409.90396
518,493,21,12.2632823101679,76.2171842911187,-893.10187,285.21875
519,493,22,12.2631579658807,76.2171591046124,-857.4056,282.48114
520,493,23,12.2630336215935,76.2171339181062,-809.95,308.21912
521,493,24,12.2629092773063,76.2171087315999,-810.49634,340.44385
522,493,25,12.2627849330191,76.2170835450936,-1009.1056,424.75296
523,493,26,12.2626605887319,76.2170583585873,-905.41113,613.815
524,493,27,12.2625362444448,76.217033172081,-865.6685,627.32196
525,493,28,12.2624119001576,76.2170079855747,-824.85187,621.6875
526,493,29,12.2622875558704,76.2169827990684,-869.6963,467.5759
527,493,30,12.2621632115832,76.2169576125622,-696.2407,566.5677
528,493,31,12.262038867296,76.2169324260559,-547.7222,433.8233
529,493,32,12.2619145230088,76.2169072395496,-675.5945,508.0229
530,493,33,12.2617901787216,76.2168820530432,-834.6556,369.35648
531,493,34,12.2616658344344,76.2168568665369,-838.80554,262.30432
532,493,35,12.2615414901472,76.2168316800307,-858.08887,311.11154
533,493,36,12.26141714586,76.2168064935243,-714.60925,445.65952
534,493,37,12.2612928015728,76.216781307018,-455.6111,560.35565
535,493,38,12.2611684572856,76.2167561205117,-47.81667,532.1329
536,493,39,12.2610441129985,76.2167309340054,137.86852,597.53265
537,493,40,12.2609197687113,76.2167057474991,611.58704,1001.2089
538,493,41,12.2607954244241,76.2166805609927,609.25,1001.08374
539,493,42,12.2606710801369,76.2166553744864,504.7852,1004.25775
540,493,43,12.2605467358497,76.2166301879801,416.62592,1004.0985
541,493,44,12.2604223915625,76.2166050014738,405.75186,975.91437
542,493,45,12.2602980472753,76.2165798149674,462.9648,1040.5083
543,493,46,12.2601737029881,76.2165546284611,-55.23519,855.977
544,493,47,12.2600493587009,76.2165294419547,-479.2611,967.6673
545,493,48,12.2599250144137,76.2165042554484,-527.69073,973.11615
546,493,49,12.2598006701265,76.2164790689421,-64.666664,1244.8962
547,493,50,12.2596763258393,76.2164538824357,1223.9185,1684.5415
548,493,51,12.2595519815521,76.2164286959294,2667.487,1952.8707
549,493,52,12.259427637265,76.216403509423,3142.75,1672.3784
550,493,53,12.2593032929778,76.2163783229167,3059.0925,1632.4656
551,493,54,12.2591789486906,76.2163531364103,2494.515,1152.7965
552,493,55,12.2590546044034,76.216327949904,2268.2166,1092.1495
553,493,56,12.2589302601162,76.2163027633976,1392.7241,1501.9592
554,493,57,12.258805915829,76.2162775768913,-255.62593,1928.1094
555,493,58,12.2586815715418,76.2162523903849,-1455.1444,1322.2197
556,493,59,12.2585572272546,76.2162272038785,-1923.2185,820.251
557,493,60,12.2584328829674,76.2162020173722,-1247.8241,1027.6437
558,493,61,12.2583085386802,76.2161768308658,-508.54074,907.16766
559,493,62,12.258184194393,76.2161516443594,129.71297,419.49002
560,493,63,12.2580598501058,76.2161264578531,297.09445,256.8611
561,493,64,12.2579355058186,76.2161012713467,161.88704,405.99557
562,493,65,12.2578111615315,76.2160760848403,90.08334,556.8888
563,493,66,12.2576868172443,76.2160508983339,258.11298,723.2551
564,493,67,12.2575624729571,76.2160257118275,456.8389,747.0468
565,493,68,12.2574381286699,76.2160005253211,641.5518,656.31537
566,493,69,12.2573137843827,76.2159753388148,934.5426,725.67633
567,493,70,12.2571894400955,76.2159501523084,1294.0074,588.3844
568,493,71,12.2570650958083,76.215924965802,1703.2722,304.24057
569,493,72,12.2569407515211,76.2158997792956,2111.2852,710.0317
570,493,73,12.2568164072339,76.2158745927892,1992.3833,873.2576
571,493,74,12.2566920629467,76.2158494062828,1645.5834,1028.7798
572,493,75,12.2565677186595,76.2158242197764,1205.6426,535.0069
573,493,76,12.2564433743723,76.21579903327,939.27405,657.04694
574,493,77,12.2563190300852,76.2157738467636,687.6278,829.45056
575,493,78,12.256194685798,76.2157486602572,261.11298,517.47003
576,493,79,12.2560703415108,76.2157234737508,58.62593,376.30545
577,493,80,12.2559459972236,76.2156982872444,-262.85,528.1751
578,493,81,12.2558216529364,76.215673100738,-400.9037,537.1661
579,493,82,12.2556973086492,76.2156479142315,-604.6778,552.7466
580,493,83,12.255572964362,76.2156227277251,-673.6037,578.7993
581,493,84,12.2554486200748,76.2155975412187,-647.66113,489.59286
582,493,85,12.2553242757876,76.2155723547123,-405.7648,549.47614
583,493,86,12.2551999315004,76.2155471682059,-94.53889,293.38522
584,493,87,12.2550755872132,76.2155219816994,14.507411,368.11963
585,493,88,12.254951242926,76.215496795193,-20.474075,698.57196
586,493,89,12.2548268986388,76.2154716086866,-277.8185,934.5077
587,493,90,12.2547025543517,76.2154464221802,-576.57776,953.8181
588,493,91,12.2545782100645,76.2154212356737,-806.2426,678.11395
589,493,92,12.2544538657773,76.2153960491673,-522.0926,1012.9933
590,493,93,12.2543295214901,76.2153708626608,-53.11667,1207.5266
591,493,94,12.2542051772029,76.2153456761544,488.28336,1252.9376
592,493,95,12.2540808329157,76.215320489648,842.5093,977.4798
593,493,96,12.2539564886285,76.2152953031415,485.1815,1055.3258
594,493,97,12.2538321443413,76.2152701166351,560.5574,1030.942
595,493,98,12.2537078000541,76.2152449301286,355.6889,1019.9254
596,493,99,12.2535834557669,76.2152197436222,555.07776,868.7859
597,493,100,12.2534591114797,76.2151945571158,272.01297,755.0224
598,493,101,12.2533347671925,76.2151693706093,75.78148,623.5242
599,493,102,12.2532104229053,76.2151441841028,-309.1889,886.3266
600,493,103,12.2530860786182,76.2151189975964,-677.02594,872.35156
601,493,104,12.252961734331,76.2150938110899,-872.0852,1016.91693
602,493,105,12.2528373900438,76.2150686245835,-572.9426,1263.6375
603,493,106,12.2527130457566,76.215043438077,-510.9389,1134.036
604,493,107,12.2525887014694,76.2150182515705,-497.5315,941.92816
605,493,108,12.2524643571822,76.2149930650641,-687.6648,497.38065
606,493,109,12.252340012895,76.2149678785576,-796.1685,765.3656
607,493,110,12.2522156686078,76.2149426920512,-638.2,784.17084
608,493,111,12.2520913243206,76.2149175055447,-692.19446,862.49426
609,493,112,12.2519669800334,76.2148923190382,-699.5093,890.33984
610,493,113,12.2518426357462,76.2148671325317,-792.3759,922.66925
611,493,114,12.251718291459,76.2148419460253,-905.11664,815.55566
612,493,115,12.2515939471719,76.2148167595188,-884.85925,889.0799
613,493,116,12.2514696028847,76.2147915730123,-955.4111,792.13434
614,493,117,12.2513452585975,76.2147663865058,-924.187,829.474
615,493,118,12.2512209143103,76.2147411999994,-1175.0166,750.54285
616,493,119,12.2510965700231,76.2147160134929,-1200.4055,705.2083
617,493,120,12.2509722257359,76.2146908269864,-961.8296,818.2837
618,493,121,12.2508478814487,76.2146656404799,-608.56665,386.0008
619,493,122,12.2507235371615,76.2146404539734,-291.3278,509.34818
620,493,123,12.2505991928743,76.2146152674669,7.874071,675.1281
621,493,124,12.2504748485871,76.2145900809604,194.96666,458.63892
622,493,125,12.2503505042999,76.2145648944539,114.25926,450.3662
623,493,126,12.2502261600127,76.2145397079474,-170.14073,236.77036
624,493,127,12.2501018157255,76.2145145214409,-116.84259,254.12271
625,493,128,12.2499774714384,76.2144893349344,-2.8333333,376.7629
626,493,129,12.2498531271512,76.2144641484279,123.1443,366.78204
627,493,130,12.249728782864,76.2144389619214,172.52267,295.8509
628,493,131,12.2496044385768,76.2144137754149,158.41711,297.6021
629,493,132,12.2494800942896,76.2143885889084,109.902435,322.28552
630,493,133,12.2493557500024,76.2143634024019,-38.798145,497.2949
631,493,134,12.2492314057152,76.2143382158954,-412.3426,572.1676
632,493,135,12.249107061428,76.2143130293889,-712.1852,535.9508
633,493,136,12.2489827171408,76.2142878428824,-473.92776,805.0736
634,493,137,12.2488583728536,76.2142626563759,-15.503693,801.9597
635,493,138,12.2487340285664,76.2142374698694,530.7963,439.97708
636,493,139,12.2486096842792,76.2142122833629,481.15186,308.86298
637,493,140,12.2484853399921,76.2141870968563,361.60187,516.0984
638,493,141,12.2483609957049,76.2141619103498,-151.01112,660.7102
639,493,142,12.2482366514177,76.2141367238433,-682.33093,769.13226
640,493,143,12.2481123071305,76.2141115373368,-833.1976,492.4727
641,493,144,12.2479879628433,76.2140863508303,-755.5642,480.5978
642,493,145,12.2478636185561,76.2140611643237,-380.92593,274.17496
643,493,146,12.2477392742689,76.2140359778172,-259.3037,356.9509
644,493,147,12.2476149299817,76.2140107913107,7.1944427,278.0488
645,493,148,12.2474905856945,76.2139856048042,153.44444,211.45103
646,493,149,12.2473662414073,76.2139604182976,210.29259,351.14035
647,493,150,12.2472418971201,76.2139352317911,166.14075,686.86316
648,493,151,12.2471175528329,76.2139100452846,259.62222,905.23047
649,493,152,12.2469932085457,76.213884858778,515.4778,1103.5096
650,493,153,12.2468688642586,76.2138596722715,474.9685,1024.1836
651,493,154,12.2467445199714,76.213834485765,416.69446,882.6993
652,493,155,12.2466201756842,76.2138092992584,170.87593,482.97662
653,493,156,12.246495831397,76.2137841127519,46.381477,698.0065
654,493,157,12.2463714871098,76.2137589262454,-567.3852,969.38416
655,493,158,12.2462471428226,76.2137337397388,-1075.3204,935.18225
656,493,159,12.2461227985354,76.2137085532323,-1137.287,761.017
657,493,160,12.2459984542482,76.2136833667257,-636.69446,848.3117
658,493,161,12.245874109961,76.2136581802192,35.744446,804.7094
659,493,162,12.2457497656738,76.2136329937127,228.84814,757.59045
660,493,163,12.2456254213866,76.2136078072061,272.25,737.02545
661,493,164,12.2455010770994,76.2135826206996,87.299995,529.46387
662,493,165,12.2453767328122,76.213557434193,29.698147,592.7941
663,493,166,12.2452523885251,76.2135322476864,-147.3352,1056.0934
664,493,167,12.2451280442379,76.2135070611799,29.83888,1497.4406
665,493,168,12.2450036999507,76.2134818746733,186.81296,1422.5897
666,493,169,12.2448793556635,76.2134566881668,72.79446,1201.9369
667,493,170,12.2447550113763,76.2134315016602,-344.35187,700.0241
668,493,171,12.2446306670891,76.2134063151537,-482.3426,536.0881
669,493,172,12.2445063228019,76.2133811286471,-458.6463,526.1547
670,493,173,12.2443819785147,76.2133559421406,-243.46852,561.3994
671,493,174,12.2442576342275,76.213330755634,-282.96112,854.3497
672,493,175,12.2441332899403,76.2133055691274,171.90186,883.0052
673,493,176,12.2440089456531,76.2132803826209,515.44073,894.6139
674,493,177,12.2438846013659,76.2132551961143,955.32776,351.06125
675,493,178,12.2437602570788,76.2132300096077,1004.6148,324.58066
676,493,179,12.2436359127916,76.2132048231012,1036.3982,336.95587
677,493,180,12.2435115685044,76.2131796365946,838.7889,418.75873
678,493,181,12.2433872242172,76.213154450088,565.0408,644.8567
679,493,182,12.24326287993,76.2131292635815,250.38518,425.5958
680,493,183,12.2431385356428,76.2131040770749,174.93518,316.8747
681,493,184,12.2430141913556,76.2130788905683,268.0111,75.602776
682,493,185,12.2428898470684,76.2130537040617,358.05,154.29768
683,493,186,12.2427655027812,76.2130285175552,374.08517,143.01219
684,493,187,12.242641158494,76.2130033310486,543.42224,237.1005
685,493,188,12.2425168142068,76.212978144542,648.7611,381.41074
686,493,189,12.2423924699196,76.2129529580355,817.4574,305.80136
687,493,190,12.2422681256324,76.2129277715289,612.03705,488.79477
688,493,191,12.2421437813453,76.2129025850223,255.49074,535.12146
689,493,192,12.2420194370581,76.2128773985157,214.54816,483.26367
690,493,193,12.2418950927709,76.2128522120091,273.1926,489.77524
691,493,194,12.2417707484837,76.2128270255025,699.8778,641.603
692,493,195,12.2416464041965,76.212801838996,663.8222,678.22906
693,493,196,12.2415220599093,76.2127766524894,479.6778,784.771
694,493,197,12.2413977156221,76.2127514659828,-0.20000331,547.7559
695,493,198,12.2412733713349,76.2127262794762,-388.01666,445.7221
696,493,199,12.2411490270477,76.2127010929696,-348.8333,783.73254
697,493,200,12.2410246827605,76.212675906463,-281.44998,810.7121
698,493,201,12.2409003384733,76.2126507199565,-360.78146,874.3715
699,493,202,12.2407759941861,76.2126255334499,-471.28333,712.3364
700,493,203,12.2406516498989,76.2126003469433,-277.66852,963.6168
701,493,204,12.2405273056118,76.2125751604367,152.29445,883.98566
702,493,205,12.2404029613246,76.2125499739301,407.4537,858.5552
703,493,206,12.2402786170374,76.2125247874235,759.65924,969.5245
704,493,207,12.2401542727502,76.2124996009169,1146.2722,1092.5352
705,493,208,12.240029928463,76.2124744144103,1649.6482,852.7214
706,493,209,12.2399055841758,76.2124492279037,1702.3389,1112.968
707,493,210,12.2397812398886,76.2124240413971,950.2352,1551.4591
708,493,211,12.2396568956014,76.2123988548905,-66.14814,1594.089
709,493,212,12.2395325513142,76.2123736683839,-652.9481,638.14734
710,493,213,12.239408207027,76.2123484818773,-653.22595,646.8292
711,493,214,12.2392838627398,76.2123232953707,-487.59445,620.6551
712,493,215,12.2391595184526,76.2122981088641,-610.5426,793.4582
713,493,216,12.2390351741655,76.2122729223575,-613.9074,828.6642
714,493,217,12.2389108298783,76.2122477358509,-767.19446,934.78265
715,493,218,12.2387864855911,76.2122225493443,-886.0204,747.3418
716,493,219,12.2386621413039,76.2121973628377,-1333.0111,876.48566
717,493,220,12.2385377970167,76.2121721763311,-1925.9629,1102.9657
718,493,221,12.2384134527295,76.2121469898245,-2175.5833,884.2205
719,493,222,12.2382891084423,76.2121218033179,-1936.7222,1198.999
720,493,223,12.2381647641551,76.2120966168113,-1340.263,991.8163
721,493,224,12.2380404198679,76.2120714303047,-944.9889,992.7293
722,493,225,12.2379160755807,76.2120462437981,-724.937,789.75604
723,493,226,12.2377917312935,76.2120210572915,-627.5611,580.32135
724,493,227,12.2376673870063,76.2119958707849,-656.89075,610.6241
725,493,228,12.2375430427191,76.2119706842783,-589.7611,421.68582
726,493,229,12.237418698432,76.2119454977717,-349.15372,377.49643
727,493,230,12.2372943541448,76.2119203112651,124.087036,768.00104
728,493,231,12.2371700098576,76.2118951247585,524.4722,696.7292
729,493,232,12.2370456655704,76.2118699382518,681.72595,543.6748
730,493,233,12.2369213212832,76.2118447517452,288.19443,552.6984
731,493,234,12.236796976996,76.2118195652386,516.2,889.1466
732,493,235,12.2366726327088,76.211794378732,675.35925,914.69086
733,493,236,12.2365482884216,76.2117691922254,1338.0889,813.17316
734,493,237,12.2364239441344,76.2117440057188,1724.8556,1095.5133
735,493,238,12.2362995998472,76.2117188192122,2473.4092,1525.1056
736,493,239,12.23617525556,76.2116936327056,2558.422,1379.1948
737,493,240,12.2360509112728,76.2116684461989,1489.3518,2046.5509
738,493,241,12.2359265669857,76.2116432596923,419.5037,1336.5471
739,493,242,12.2358022226985,76.2116180731857,-397.89258,695.439
740,493,243,12.2356778784113,76.2115928866791,-721.1574,974.6478
741,493,244,12.2355535341241,76.2115677001725,-931.1352,711.76587
742,493,245,12.2354291898369,76.2115425136659,-1083.0834,698.0013
743,493,246,12.2353048455497,76.2115173271592,-1215.5519,926.9372
744,493,247,12.2351805012625,76.2114921406526,-1524.1074,938.0731
745,493,248,12.2350561569753,76.211466954146,-1672.0352,844.9589
746,493,249,12.2349318126881,76.2114417676394,-1279.7407,741.3167
747,493,250,12.2348074684009,76.2114165811328,-580.80743,949.79895
748,493,251,12.2346831241137,76.2113913946261,118.32593,813.18164
749,493,252,12.2345587798265,76.2113662081195,700.75183,412.7687
750,493,253,12.2344344355393,76.2113410216129,723.2296,552.7795
751,493,254,12.2343100912522,76.2113158351063,508.57962,706.70435
752,493,255,12.234185746965,76.2112906485997,511.0778,736.7732
753,493,256,12.2340614026778,76.211265462093,369.5685,709.26587
754,493,257,12.2339370583906,76.2112402755864,-66.30555,1066.8717
755,493,258,12.2338127141034,76.2112150890798,-514.3648,794.94293
756,493,259,12.2336883698162,76.2111899025732,-413.73703,858.7247
757,493,260,12.233564025529,76.2111647160665,204.04445,832.8471
758,493,261,12.2334396812418,76.2111395295599,86.718506,1114.0315
759,493,262,12.2333153369546,76.2111143430533,-132.13704,1107.0575
760,493,263,12.2331909926674,76.2110891565467,-447.40555,954.8637
761,493,264,12.2330666483802,76.21106397004,-563.1778,776.94073
762,493,265,12.232942304093,76.2110387835334,-813.3815,1007.0395
763,493,266,12.2328179598058,76.2110135970268,-574.3815,1141.8173
764,493,267,12.2326936155187,76.2109884105202,-554.637,1242.5112
765,493,268,12.2325692712315,76.2109632240136,-169.8537,1064.5985
766,493,269,12.2324449269443,76.2109380375069,-125.33519,1159.974
767,493,270,12.2323205826571,76.2109128510003,318.82965,1231.1638
768,493,271,12.2321962383699,76.2108876644937,503.67593,1398.726
769,493,272,12.2320718940827,76.210862477987,395.5,1473.5901
770,493,273,12.2319475497955,76.2108372914804,227.31296,1184.5933
771,493,274,12.2318232055083,76.2108121049738,-109.57963,1008.46625
772,493,275,12.2316988612211,76.2107869184672,-23.272238,881.91254
773,493,276,12.2315745169339,76.2107617319605,261.97592,843.2728
774,493,277,12.2314501726467,76.2107365454539,744.6537,771.41614
775,493,278,12.2313258283595,76.2107113589473,853.65186,817.58
776,493,279,12.2312014840724,76.2106861724407,912.9167,799.3635
777,493,280,12.2310771397852,76.210660985934,562.1556,694.4804
778,493,281,12.230952795498,76.2106357994274,379.3185,508.70615
779,493,282,12.2308284512108,76.2106106129208,122.848145,349.02017
780,493,283,12.2307041069236,76.2105854264142,428.9148,611.3587
781,493,284,12.2305797626364,76.2105602399075,526.27405,535.8477
782,493,285,12.2304554183492,76.2105350534009,776.6426,604.87494
783,493,286,12.230331074062,76.2105098668943,722.32965,576.5595
784,493,287,12.2302067297748,76.2104846803877,391.89444,911.23
785,493,288,12.2300823854876,76.210459493881,43.54259,1013.81494
786,493,289,12.2299580412004,76.2104343073744,-48.127773,979.5922
787,493,290,12.2298336969132,76.2104091208678,581.42224,1063.8184
788,493,291,12.229709352626,76.2103839343611,653,852.33813
789,493,292,12.2295850083389,76.2103587478545,624.25183,775.9533
790,493,293,12.2294606640517,76.2103335613479,143.88889,571.29297
791,493,294,12.2293363197645,76.2103083748412,186.33148,598.8131
792,493,295,12.2292119754773,76.2102831883346,370.3389,909.2852
793,493,296,12.2290876311901,76.210258001828,138.78519,1255.7135
794,493,297,12.2289632869029,76.2102328153214,-458.15,1537.4382
795,493,298,12.2288389426157,76.2102076288147,-1154.6888,1333.3467
796,493,299,12.2287145983285,76.2101824423081,-1369.1722,1356.1952
797,493,300,12.2285902540413,76.2101572558015,-1475.6815,1404.6442
798,493,301,12.2284659097541,76.2101320692949,-1464.5038,1054.3094
799,493,302,12.2283415654669,76.2101068827882,-1411.95,731.772
800,493,303,12.2282172211797,76.2100816962816,-1187.4685,425.05704
801,493,304,12.2280928768925,76.210056509775,-1279.7333,581.64764
802,493,305,12.2279685326054,76.2100313232683,-1105.7389,733.7185
803,493,306,12.2278441883182,76.2100061367617,-747.6148,784.3239
804,493,307,12.227719844031,76.2099809502551,-467.2963,489.40628
805,493,308,12.2275954997438,76.2099557637485,-377.7704,221.72762
806,493,309,12.2274711554566,76.2099305772418,-161.63704,511.0895
807,493,310,12.2273468111694,76.2099053907352,235.19073,538.67395
808,493,311,12.2272224668822,76.2098802042286,677.17224,571.263
809,493,312,12.227098122595,76.209855017722,1116.8964,887.26587
810,493,313,12.2269737783078,76.2098298312153,1809.2148,1103.3093
811,493,314,12.2268494340206,76.2098046447087,2239.2795,845.1827
812,493,315,12.2267250897334,76.2097794582021,2010.1222,1052.2943
813,493,316,12.2266007454462,76.2097542716955,1731.0667,932.6714
814,493,317,12.2264764011591,76.2097290851888,1294.8481,904.263
815,493,318,12.2263520568719,76.2097038986822,1088.8334,1197.1211
816,493,319,12.2262277125847,76.2096787121756,402.23703,1493.9125
817,493,320,12.2261033682975,76.209653525669,53.403694,1462.5138
818,493,321,12.2259790240103,76.2096283391623,-397.15186,1363.6367
819,493,322,12.2258546797231,76.2096031526557,-140.22594,1089.9594
820,493,323,12.2257303354359,76.2095779661491,83.637024,1274.29
821,493,324,12.2256059911487,76.2095527796425,975.3741,1090.636
822,493,325,12.2254816468615,76.2095275931358,1002.0574,1120.7079
823,493,326,12.2253573025743,76.2095024066292,1318.0759,858.2933
824,493,327,12.2252329582871,76.2094772201226,1063.0796,729.5796
825,493,328,12.2251086139999,76.209452033616,768.56665,934.5524
826,493,329,12.2249842697127,76.2094268471094,103.55554,915.08966
827,493,330,12.2248599254256,76.2094016606028,-608.8259,785.26373
828,493,331,12.2247355811384,76.2093764740961,-899.2,699.50287
829,493,332,12.2246112368512,76.2093512875895,-1272.3611,661.85144
830,493,333,12.224486892564,76.2093261010829,-1527.3982,704.32355
831,493,334,12.2243625482768,76.2093009145763,-1952.9481,626.0214
832,493,335,12.2242382039896,76.2092757280696,-1803.85,701.7316
833,493,336,12.2241138597024,76.209250541563,-1125.3407,1153.8538
834,493,337,12.2239895154152,76.2092253550564,-337.4222,1368.6152
835,493,338,12.223865171128,76.2092001685498,-301.1648,1733.0588
836,493,339,12.2237408268408,76.2091749820432,-247.63518,1781.148
837,493,340,12.2236164825536,76.2091497955365,115.60557,1592.8878
838,493,341,12.2234921382664,76.2091246090299,754.137,716.16815
839,493,342,12.2233677939792,76.2090994225233,810.95557,548.195
840,493,343,12.2232434496921,76.2090742360167,619.3259,317.78073
841,493,344,12.2231191054049,76.2090490495101,758.78705,433.4932
842,493,345,12.2229947611177,76.2090238630035,864.4055,380.0696
843,493,346,12.2228704168305,76.2089986764969,888.4056,387.86417
844,493,347,12.2227460725433,76.2089734899903,241.65741,759.21234
845,493,348,12.2226217282561,76.2089483034836,-459.16666,889.09796
846,493,349,12.2224973839689,76.208923116977,-916.7889,335.85764
847,493,350,12.2223730396817,76.2088979304704,-1123.1371,314.04398
848,493,351,12.2222486953945,76.2088727439638,-1143.5685,875.73224
849,493,352,12.2221243511073,76.2088475574572,-991.3241,1222.7256
850,493,353,12.2220000068201,76.2088223709506,-576.0426,1301.778
851,493,354,12.2218756625329,76.208797184444,-26.977776,904.54535
852,493,355,12.2217513182458,76.2087719979374,440.64816,803.10376
853,493,356,12.2216269739586,76.2087468114308,745.97406,710.2044
854,493,357,12.2215026296714,76.2087216249242,843.9185,600.7095
855,493,358,12.2213782853842,76.2086964384175,863.4963,477.95853
856,493,359,12.221253941097,76.2086712519109,745.8759,389.529
857,493,360,12.2211295968098,76.2086460654043,1044.8019,505.3496
858,493,361,12.2210052525226,76.2086208788977,768.863,611.2715
859,493,362,12.2208810363,76.2085957136335,176.92963,1281.9858
860,493,363,12.2207568749909,76.2085705574778,-1430.9907,1685.0836
861,493,364,12.2206327136818,76.2085454013222,-2656.1555,1199.4752
862,493,365,12.2205085523727,76.2085202451665,-2884.7297,913.19366
863,493,366,12.2203843910636,76.2084950890109,-1565.4222,1806.4698
864,493,367,12.2202602297545,76.2084699328552,-103.061104,1552.1545
865,493,368,12.2201360684455,76.2084447766996,1100.3704,770.4622
866,493,369,12.2200119071364,76.2084196205439,1494.3445,760.40704
867,493,370,12.2198877458273,76.2083944643883,1568.726,713.35
868,493,371,12.2197635845182,76.2083693082326,623.3019,1512.5272
869,493,372,12.2196394232091,76.208344152077,-662.0611,1605.1398
870,493,373,12.2195152619,76.2083189959213,-1785.3593,801.0552
871,493,374,12.2193911005909,76.2082938397657,-2066.7202,897.0031
872,493,375,12.2192669392818,76.20826868361,-1948.3556,1212.7704
873,493,376,12.2191427779728,76.2082435274544,-1386.9037,1404.3682
874,493,377,12.2190186166637,76.2082183712988,-335.06665,1602.6322
875,493,378,12.2188944553546,76.2081932151431,550.5852,1025.2136
876,493,379,12.2187702940455,76.2081680589875,1092.3944,627.647
877,493,380,12.2186461327364,76.2081429028318,1758.8647,1205.9143
878,493,381,12.2185219714273,76.2081177466762,2403.3853,1307.2947
879,493,382,12.2183978101182,76.2080925905205,2723.0647,1373.966
880,493,383,12.2182736488091,76.2080674343649,2423.2722,1442.2428
881,493,384,12.2181494875001,76.2080422782093,1238.9426,1893.6069
882,493,385,12.218025326191,76.2080171220536,-248.59445,2126.542
883,493,386,12.2179011648819,76.207991965898,-1485.0889,1052.1842
884,493,387,12.2177770035728,76.2079668097423,-2232.4592,929.696
885,493,388,12.2176528422637,76.2079416535867,-1806.9907,1064.7698
886,493,389,12.2175286809546,76.207916497431,-1475.3037,1152.5602
887,493,390,12.2174045196455,76.2078913412754,-369.11667,758.4714
888,493,391,12.2172803583364,76.2078661851198,245.09999,769.60315
889,493,392,12.2171561970274,76.2078410289641,930.687,709.81885
890,493,393,12.2170320357183,76.2078158728085,1317.6407,816.92236
891,493,394,12.2169078744092,76.2077907166529,1351.9574,872.40936
892,493,395,12.2167837131001,76.2077655604972,1004.063,946.8783
893,493,396,12.216659551791,76.2077404043416,439.45926,711.135
894,493,397,12.2165353904819,76.2077152481859,-50.587032,596.9221
895,493,398,12.2164112291728,76.2076900920303,140.50928,807.0609
896,493,399,12.2162870678637,76.2076649358747,202.26112,798.98486
897,493,400,12.2161629065547,76.207639779719,640.1259,536.22577
898,493,401,12.2160387452456,76.2076146235634,674.2722,705.4805
899,493,402,12.2159145839365,76.2075894674078,1019.4037,829.53064
900,493,403,12.2157904226274,76.2075643112521,690.35925,1060.5331
901,493,404,12.2156662613183,76.2075391550965,252.17036,1001.83203
902,493,405,12.2155421000092,76.2075139989409,-154.97778,663.5625
903,493,406,12.2154179387001,76.2074888427852,-325.2037,843.912
904,493,407,12.215293777391,76.2074636866296,-686.4907,877.8957
905,493,408,12.215169616082,76.207438530474,-1139.25,707.39996
906,493,409,12.2150454547729,76.2074133743183,-1508.126,550.89905
907,493,410,12.2149212934638,76.2073882181627,-1650.9907,462.74445
908,493,411,12.2147971321547,76.2073630620071,-1686.4519,403.5907
909,493,412,12.2146729708456,76.2073379058514,-1723.7278,560.7634
910,493,413,12.2145488095365,76.2073127496958,-1949.2815,728.8004
911,493,414,12.2144246482274,76.2072875935402,-2032.7537,821.66296
912,493,415,12.2143004869183,76.2072624373846,-2052.7112,1002.11554
913,493,416,12.2141763256093,76.207237281229,-1884.8685,956.694
914,493,417,12.2140521643002,76.2072121250733,-2005.4055,878.1579
915,493,418,12.2139280029911,76.2071869689177,-1699.876,893.2425
916,493,419,12.213803841682,76.2071618127621,-1260.3667,1048.8875
917,493,420,12.2136796803729,76.2071366566065,-1113.8611,920.4401
918,493,421,12.2135555190638,76.2071115004508,-1404.3259,827.3877
919,493,422,12.2134313577547,76.2070863442952,-1292.7537,990.30115
920,493,423,12.2133071964456,76.2070611881396,-946.8537,901.5382
921,493,424,12.2131830351366,76.207036031984,-550.55554,705.84393
922,493,425,12.2130588738275,76.2070108758284,-215.66296,978.2336
923,493,426,12.2129347125184,76.2069857196727,453.27036,1083.5737
924,493,427,12.2128105512093,76.2069605635171,961.7889,386.22098
925,493,428,12.2126863899002,76.2069354073615,1063.7852,561.5422
926,493,429,12.2125622285911,76.2069102512059,535.99817,1014.39636
927,493,430,12.212438067282,76.2068850950503,-350.4463,1566.452
928,493,431,12.2123139059729,76.2068599388947,-1524.9315,1299.9012
929,493,432,12.2121897446639,76.2068347827391,-2269.1038,921.691
930,493,433,12.2120655833548,76.2068096265834,-2057.2888,1073.8385
931,493,434,12.2119414220457,76.2067844704278,-1566.9388,1132.1339
932,493,435,12.2118172607366,76.2067593142722,-811.5629,1002.95074
933,493,436,12.2116930994275,76.2067341581166,-301.21112,1136.0039
934,493,437,12.2115689381184,76.206709001961,358.9537,1118.9229
935,493,438,12.2114447768093,76.2066838458054,1364.9685,1450.568
936,493,439,12.2113206155002,76.2066586896498,1961.8203,1031.6743
937,493,440,12.2111964541912,76.2066335334942,2117.5537,1307.3851
938,493,441,12.2110722928821,76.2066083773386,1471.8148,1222.3281
939,493,442,12.210948131573,76.206583221183,540.7185,1592.5248
940,493,443,12.2108239702639,76.2065580650274,-379.22964,1208.7806
941,493,444,12.2106998089548,76.2065329088718,-652.8944,984.7592
942,493,445,12.2105756476457,76.2065077527162,-776.2463,1143.4429
943,493,446,12.2104514863366,76.2064825965606,-751.4926,1308.7395
944,493,447,12.2103273250275,76.206457440405,-873.637,1378.053
945,493,448,12.2102031637185,76.2064322842494,147.85924,1778.4677
946,493,449,12.2100790024094,76.2064071280938,1155.4148,1522.131
947,493,450,12.2099548411003,76.2063819719382,1637.6666,758.61365
948,493,451,12.2098306797912,76.2063568157826,887.8148,1131.2173
949,493,452,12.2097065184821,76.206331659627,14.607402,955.65393
950,493,453,12.209582357173,76.2063065034714,-765.5426,809.3902
951,493,454,12.2094581958639,76.2062813473158,-1055.5815,684.9415
952,493,455,12.2093340345548,76.2062561911602,-1151.1204,531.35565
953,493,456,12.2092098732458,76.2062310350046,-899.5463,437.76813
954,493,457,12.2090857119367,76.206205878849,-907.03516,470.91663
955,493,458,12.2089615506276,76.2061807226934,-1039.6185,503.5949
956,493,459,12.2088373893185,76.2061555665379,-1078.463,455.50415
957,493,460,12.2087132280094,76.2061304103823,-942.87036,490.75967
958,493,461,12.2085890667003,76.2061052542267,-1037.7148,1281.9025
959,493,462,12.2084649053912,76.2060800980711,-1376.2833,1493.6125
960,493,463,12.2083407440821,76.2060549419155,-1557.2074,1463.4779
961,493,464,12.2082165827731,76.20602978576,-1752.8481,1275.9739
962,493,465,12.208092421464,76.2060046296044,-1587.0463,1063.1095
963,493,466,12.2079682601549,76.2059794734488,-1004.8871,1482.7664
964,493,467,12.2078440988458,76.2059543172932,49.148136,1050.8425
965,493,468,12.2077199375367,76.2059291611376,421.6463,585.7152
966,493,469,12.2075957762276,76.2059040049821,568.6055,597.62366
967,493,470,12.2074716149185,76.2058788488265,122.951866,1248.2677
968,493,471,12.2073474536094,76.2058536926709,-450.73148,1623.7933
969,493,472,12.2072232923004,76.2058285365153,-1441.9778,1468.1511
970,493,473,12.2070991309913,76.2058033803598,-2020.3741,950.67206
971,493,474,12.2069749696822,76.2057782242042,-1719.9204,1208.3801
972,493,475,12.2068508083731,76.2057530680486,-1363.5927,1190.8185
973,493,476,12.206726647064,76.2057279118931,-892.8259,858.34705
974,493,477,12.2066024857549,76.2057027557375,-878.4389,646.1056
975,493,478,12.2064783244458,76.2056775995819,-751.2278,517.5902
976,493,479,12.2063541631367,76.2056524434264,-669.16113,742.18036
977,493,480,12.2062300018277,76.2056272872708,-581.9037,1031.9005
978,493,481,12.2061058405186,76.2056021311153,-804.02594,1142.6588
979,493,482,12.2059816792095,76.2055769749597,-1264.374,1299.6255
980,493,483,12.2058575179004,76.2055518188042,-1373.0018,1434.5891
981,493,484,12.2057333565913,76.2055266626486,-1198.8074,1586.1752
982,493,485,12.2056091952822,76.205501506493,-922.7426,1404.4594
983,493,486,12.2054850339731,76.2054763503375,-876.1741,1165.5604
984,493,487,12.205360872664,76.2054511941819,-902.7111,975.8723
985,493,488,12.205236711355,76.2054260380264,-675.80554,925.3338
986,493,489,12.2051125500459,76.2054008818708,-529.95184,685.79517
987,493,490,12.2049883887368,76.2053757257153,-443.3426,976.02374
988,493,491,12.2048642274277,76.2053505695598,-371.7648,1102.4514
989,493,492,12.2047400661186,76.2053254134042,-29.809269,1247.9534
990,493,493,12.2046159048095,76.2053002572487,278.05737,922.901
991,493,494,12.2044917435004,76.2052751010931,502.5926,684.35486
992,493,495,12.2043675821913,76.2052499449376,515.1037,761.0045
993,493,496,12.2042434208823,76.205224788782,900.45,838.8279
994,493,497,12.2041192595732,76.2051996326265,1104.1111,669.5524
995,493,498,12.2039950982641,76.205174476471,1056.35,695.2818
996,493,499,12.203870936955,76.2051493203154,817.9889,669.45605
997,493,500,12.2037467756459,76.2051241641599,405.76483,936.41174
998,493,501,12.2036226143368,76.2050990080044,78.97223,971.8936
999,493,502,12.2034984530277,76.2050738518489,-524.98517,857.8178
1000,493,503,12.2033742917186,76.2050486956933,-669.22034,613.397
1001,493,504,12.2032501304096,76.2050235395378,-445.12036,735.6314
1002,493,505,12.2031259691005,76.2049983833823,-253.2574,509.20532
1003,493,506,12.2030018077914,76.2049732272267,-103.79074,497.22934
1004,493,507,12.2028776464823,76.2049480710712,-168.96852,621.87006
1005,493,508,12.2027534851732,76.2049229149157,-26.788895,1070.9506
1006,493,509,12.2026293238641,76.2048977587602,-176.98703,1821.9564
1007,493,510,12.202505162555,76.2048726026047,24.081465,2081.975
1008,493,511,12.202381001246,76.2048474464492,758.0592,2242.3406
1009,493,512,12.2022568399369,76.2048222902936,1132.9982,1677.5422
1010,493,513,12.2021326786278,76.2047971341381,1229.0592,1326.7861
1011,493,514,12.2020085173187,76.2047719779826,767.3222,1156.6067
1012,493,515,NaN,NaN,NaN,NaN
1013,492,515,NaN,NaN,NaN,NaN
1014,491,515,NaN,NaN,NaN,NaN
1015,490,515,NaN,NaN,NaN,NaN
1016,489,515,NaN,NaN,NaN,NaN
1017,488,515,NaN,NaN,NaN,NaN
1018,487,515,NaN,NaN,NaN,NaN
1019,486,515,NaN,NaN,NaN,NaN
1020,485,515,NaN,NaN,NaN,NaN
1021,484,515,NaN,NaN,NaN,NaN
1022,483,515,NaN,NaN,NaN,NaN
1023,482,515,NaN,NaN,NaN,NaN
1024,481,515,NaN,NaN,NaN,NaN
1025,480,515,NaN,NaN,NaN,NaN
1026,479,515,NaN,NaN,NaN,NaN
1027,478,515,NaN,NaN,NaN,NaN
1028,477,515,NaN,NaN,NaN,NaN
1029,476,515,NaN,NaN,NaN,NaN
1030,475,515,NaN,NaN,NaN,NaN
1031,474,515,NaN,NaN,NaN,NaN
1032,473,515,NaN,NaN,NaN,NaN
1033,472,515,NaN,NaN,NaN,NaN
1034,471,515,NaN,NaN,NaN,NaN
1035,470,515,NaN,NaN,NaN,NaN
1036,469,515,NaN,NaN,NaN,NaN
1037,468,515,NaN,NaN,NaN,NaN
1038,467,515,NaN,NaN,NaN,NaN
1039,466,515,NaN,NaN,NaN,NaN
1040,465,515,NaN,NaN,NaN,NaN
1041,464,515,NaN,NaN,NaN,NaN
1042,463,515,NaN,NaN,NaN,NaN
1043,462,515,NaN,NaN,NaN,NaN
1044,461,515,NaN,NaN,NaN,NaN
1045,460,515,NaN,NaN,NaN,NaN
1046,459,515,NaN,NaN,NaN,NaN
1047,458,515,NaN,NaN,NaN,NaN
1048,457,515,NaN,NaN,NaN,NaN
1049,456,515,NaN,NaN,NaN,NaN
1050,455,515,NaN,NaN,NaN,NaN
1051,454,515,NaN,NaN,NaN,NaN
1052,453,515,NaN,NaN,NaN,NaN
1053,452,515,NaN,NaN,NaN,NaN
1054,451,515,NaN,NaN,NaN,NaN
1055,450,515,NaN,NaN,NaN,NaN
1056,449,515,NaN,NaN,NaN,NaN
1057,448,515,NaN,NaN,NaN,NaN
1058,447,515,NaN,NaN,NaN,NaN
1059,446,515,NaN,NaN,NaN,NaN
1060,445,515,NaN,NaN,NaN,NaN
1061,444,515,NaN,NaN,NaN,NaN
1062,443,515,NaN,NaN,NaN,NaN
1063,442,515,NaN,NaN,NaN,NaN
1064,441,515,NaN,NaN,NaN,NaN
1065,440,515,NaN,NaN,NaN,NaN
1066,439,515,NaN,NaN,NaN,NaN
1067,438,515,NaN,NaN,NaN,NaN
1068,437,515,NaN,NaN,NaN,NaN
1069,436,515,NaN,NaN,NaN,NaN
1070,435,515,NaN,NaN,NaN,NaN
1071,434,515,NaN,NaN,NaN,NaN
1072,433,515,NaN,NaN,NaN,NaN
1073,432,515,NaN,NaN,NaN,NaN
1074,431,515,NaN,NaN,NaN,NaN
1075,430,515,NaN,NaN,NaN,NaN
1076,429,515,NaN,NaN,NaN,NaN
1077,428,515,NaN,NaN,NaN,NaN
1078,427,515,NaN,NaN,NaN,NaN
1079,426,515,NaN,NaN,NaN,NaN
1080,425,515,NaN,NaN,NaN,NaN
1081,424,515,NaN,NaN,NaN,NaN
1082,423,515,NaN,NaN,NaN,NaN
1083,422,515,NaN,NaN,NaN,NaN
1084,421,515,NaN,NaN,NaN,NaN
1085,420,515,NaN,NaN,NaN,NaN
1086,419,515,NaN,NaN,NaN,NaN
1087,418,515,NaN,NaN,NaN,NaN
1088,417,515,NaN,NaN,NaN,NaN
1089,416,515,NaN,NaN,NaN,NaN
1090,415,515,NaN,NaN,NaN,NaN
1091,414,515,NaN,NaN,NaN,NaN
1092,413,515,NaN,NaN,NaN,NaN
1093,412,515,NaN,NaN,NaN,NaN
1094,411,515,NaN,NaN,NaN,NaN
1095,410,515,NaN,NaN,NaN,NaN
1096,409,515,NaN,NaN,NaN,NaN
1097,408,515,NaN,NaN,NaN,NaN
1098,407,515,NaN,NaN,NaN,NaN
1099,406,515,NaN,NaN,NaN,NaN
1100,405,515,NaN,NaN,NaN,NaN
1101,404,515,NaN,NaN,NaN,NaN
1102,403,515,NaN,NaN,NaN,NaN
1103,402,515,NaN,NaN,NaN,NaN
1104,401,515,NaN,NaN,NaN,NaN
1105,400,515,NaN,NaN,NaN,NaN
1106,399,515,NaN,NaN,NaN,NaN
1107,398,515,NaN,NaN,NaN,NaN
1108,397,515,NaN,NaN,NaN,NaN
1109,396,515,NaN,NaN,NaN,NaN
1110,395,515,NaN,NaN,NaN,NaN
1111,394,515,NaN,NaN,NaN,NaN
1112,393,515,NaN,NaN,NaN,NaN
1113,392,515,NaN,NaN,NaN,NaN
1114,391,515,NaN,NaN,NaN,NaN
1115,390,515,NaN,NaN,NaN,NaN
1116,389,515,NaN,NaN,NaN,NaN
1117,388,515,NaN,NaN,NaN,NaN
1118,387,515,NaN,NaN,NaN,NaN
1119,386,515,NaN,NaN,NaN,NaN
1120,385,515,NaN,NaN,NaN,NaN
1121,384,515,NaN,NaN,NaN,NaN
1122,383,515,NaN,NaN,NaN,NaN
1123,382,515,NaN,NaN,NaN,NaN
1124,381,515,NaN,NaN,NaN,NaN
1125,380,515,NaN,NaN,NaN,NaN
1126,379,515,NaN,NaN,NaN,NaN
1127,378,515,NaN,NaN,NaN,NaN
1128,377,515,NaN,NaN,NaN,NaN
1129,376,515,NaN,NaN,NaN,NaN
1130,375,515,NaN,NaN,NaN,NaN
1131,374,515,NaN,NaN,NaN,NaN
1132,373,515,NaN,NaN,NaN,NaN
1133,372,515,NaN,NaN,NaN,NaN
1134,371,515,NaN,NaN,NaN,NaN
1135,370,515,NaN,NaN,NaN,NaN
1136,369,515,NaN,NaN,NaN,NaN
1137,368,515,NaN,NaN,NaN,NaN
1138,367,515,NaN,NaN,NaN,NaN
1139,366,515,NaN,NaN,NaN,NaN
1140,365,515,NaN,NaN,NaN,NaN
1141,364,515,NaN,NaN,NaN,NaN
1142,363,515,NaN,NaN,NaN,NaN
1143,362,515,NaN,NaN,NaN,NaN
1144,361,515,NaN,NaN,NaN,NaN
1145,360,515,NaN,NaN,NaN,NaN
1146,359,515,NaN,NaN,NaN,NaN
1147,358,515,NaN,NaN,NaN,NaN
1148,357,515,NaN,NaN,NaN,NaN
1149,356,515,NaN,NaN,NaN,NaN
1150,355,515,NaN,NaN,NaN,NaN
1151,354,515,NaN,NaN,NaN,NaN
1152,353,515,NaN,NaN,NaN,NaN
1153,352,515,NaN,NaN,NaN,NaN
1154,351,515,NaN,NaN,NaN,NaN
1155,350,515,NaN,NaN,NaN,NaN
1156,349,515,NaN,NaN,NaN,NaN
1157,348,515,NaN,NaN,NaN,NaN
1158,347,515,NaN,NaN,NaN,NaN
1159,346,515,NaN,NaN,NaN,NaN
1160,345,515,NaN,NaN,NaN,NaN
1161,344,515,NaN,NaN,NaN,NaN
1162,343,515,NaN,NaN,NaN,NaN
1163,342,515,NaN,NaN,NaN,NaN
1164,341,515,NaN,NaN,NaN,NaN
1165,340,515,NaN,NaN,NaN,NaN
1166,339,515,NaN,NaN,NaN,NaN
1167,338,515,NaN,NaN,NaN,NaN
1168,337,515,NaN,NaN,NaN,NaN
1169,336,515,NaN,NaN,NaN,NaN
1170,335,515,NaN,NaN,NaN,NaN
1171,334,515,NaN,NaN,NaN,NaN
1172,333,515,NaN,NaN,NaN,NaN
1173,332,515,NaN,NaN,NaN,NaN
1174,331,515,NaN,NaN,NaN,NaN
1175,330,515,NaN,NaN,NaN,NaN
1176,329,515,NaN,NaN,NaN,NaN
1177,328,515,NaN,NaN,NaN,NaN
1178,327,515,NaN,NaN,NaN,NaN
1179,326,515,NaN,NaN,NaN,NaN
1180,325,515,NaN,NaN,NaN,NaN
1181,324,515,NaN,NaN,NaN,NaN
1182,323,515,NaN,NaN,NaN,NaN
1183,322,515,NaN,NaN,NaN,NaN
1184,321,515,NaN,NaN,NaN,NaN
1185,320,515,NaN,NaN,NaN,NaN
1186,319,515,NaN,NaN,NaN,NaN
1187,318,515,NaN,NaN,NaN,NaN
1188,317,515,NaN,NaN,NaN,NaN
1189,316,515,NaN,NaN,NaN,NaN
1190,315,515,NaN,NaN,NaN,NaN
1191,314,515,NaN,NaN,NaN,NaN
1192,313,515,NaN,NaN,NaN,NaN
1193,312,515,NaN,NaN,NaN,NaN
1194,311,515,NaN,NaN,NaN,NaN
1195,310,515,NaN,NaN,NaN,NaN
1196,309,515,NaN,NaN,NaN,NaN
1197,308,515,NaN,NaN,NaN,NaN
1198,307,515,NaN,NaN,NaN,NaN
1199,306,515,NaN,NaN,NaN,NaN
1200,305,515,NaN,NaN,NaN,NaN
1201,304,515,NaN,NaN,NaN,NaN
1202,303,515,NaN,NaN,NaN,NaN
1203,302,515,NaN,NaN,NaN,NaN
1204,301,515,NaN,NaN,NaN,NaN
1205,300,515,NaN,NaN,NaN,NaN
1206,299,515,NaN,NaN,NaN,NaN
1207,298,515,NaN,NaN,NaN,NaN
1208,297,515,NaN,NaN,NaN,NaN
1209,296,515,NaN,NaN,NaN,NaN
1210,295,515,NaN,NaN,NaN,NaN
1211,294,515,NaN,NaN,NaN,NaN
1212,293,515,NaN,NaN,NaN,NaN
1213,292,515,NaN,NaN,NaN,NaN
1214,291,515,NaN,NaN,NaN,NaN
1215,290,515,NaN,NaN,NaN,NaN
1216,289,515,NaN,NaN,NaN,NaN
1217,288,515,NaN,NaN,NaN,NaN
1218,287,515,NaN,NaN,NaN,NaN
1219,286,515,NaN,NaN,NaN,NaN
1220,285,515,NaN,NaN,NaN,NaN
1221,284,515,NaN,NaN,NaN,NaN
1222,283,515,NaN,NaN,NaN,NaN
1223,282,515,NaN,NaN,NaN,NaN
1224,281,515,NaN,NaN,NaN,NaN
1225,280,515,NaN,NaN,NaN,NaN
1226,279,515,NaN,NaN,NaN,NaN
1227,278,515,NaN,NaN,NaN,NaN
1228,277,515,NaN,NaN,NaN,NaN
1229,276,515,NaN,NaN,NaN,NaN
1230,275,515,NaN,NaN,NaN,NaN
1231,274,515,NaN,NaN,NaN,NaN
1232,273,515,NaN,NaN,NaN,NaN
1233,272,515,NaN,NaN,NaN,NaN
1234,271,515,NaN,NaN,NaN,NaN
1235,270,515,NaN,NaN,NaN,NaN
1236,269,515,NaN,NaN,NaN,NaN
1237,268,515,NaN,NaN,NaN,NaN
1238,267,515,NaN,NaN,NaN,NaN
1239,266,515,NaN,NaN,NaN,NaN
1240,265,515,NaN,NaN,NaN,NaN
1241,264,515,NaN,NaN,NaN,NaN
1242,263,515,NaN,NaN,NaN,NaN
1243,262,515,NaN,NaN,NaN,NaN
1244,261,515,NaN,NaN,NaN,NaN
1245,260,515,NaN,NaN,NaN,NaN
1246,259,515,NaN,NaN,NaN,NaN
1247,258,515,NaN,NaN,NaN,NaN
1248,257,515,NaN,NaN,NaN,NaN
1249,256,515,NaN,NaN,NaN,NaN
1250,255,515,NaN,NaN,NaN,NaN
1251,254,515,NaN,NaN,NaN,NaN
1252,253,515,NaN,NaN,NaN,NaN
1253,252,515,NaN,NaN,NaN,NaN
1254,251,515,NaN,NaN,NaN,NaN
1255,250,515,NaN,NaN,NaN,NaN
1256,249,515,NaN,NaN,NaN,NaN
1257,248,515,NaN,NaN,NaN,NaN
1258,247,515,NaN,NaN,NaN,NaN
1259,246,515,NaN,NaN,NaN,NaN
1260,245,515,NaN,NaN,NaN,NaN
1261,244,515,NaN,NaN,NaN,NaN
1262,243,515,NaN,NaN,NaN,NaN
1263,242,515,NaN,NaN,NaN,NaN
1264,241,515,NaN,NaN,NaN,NaN
1265,240,515,NaN,NaN,NaN,NaN
1266,239,515,NaN,NaN,NaN,NaN
1267,238,515,NaN,NaN,NaN,NaN
1268,237,515,NaN,NaN,NaN,NaN
1269,236,515,NaN,NaN,NaN,NaN
1270,235,515,NaN,NaN,NaN,NaN
1271,234,515,NaN,NaN,NaN,NaN
1272,233,515,NaN,NaN,NaN,NaN
1273,232,515,NaN,NaN,NaN,NaN
1274,231,515,NaN,NaN,NaN,NaN
1275,230,515,NaN,NaN,NaN,NaN
1276,229,515,NaN,NaN,NaN,NaN
1277,228,515,NaN,NaN,NaN,NaN
1278,227,515,NaN,NaN,NaN,NaN
1279,226,515,NaN,NaN,NaN,NaN
1280,225,515,NaN,NaN,NaN,NaN
1281,224,515,NaN,NaN,NaN,NaN
1282,223,515,NaN,NaN,NaN,NaN
1283,222,515,NaN,NaN,NaN,NaN
1284,221,515,NaN,NaN,NaN,NaN
1285,220,515,NaN,NaN,NaN,NaN
1286,219,515,NaN,NaN,NaN,NaN
1287,218,515,NaN,NaN,NaN,NaN
1288,217,515,NaN,NaN,NaN,NaN
1289,216,515,NaN,NaN,NaN,NaN
1290,215,515,NaN,NaN,NaN,NaN
1291,214,515,NaN,NaN,NaN,NaN
1292,213,515,NaN,NaN,NaN,NaN
1293,212,515,NaN,NaN,NaN,NaN
1294,211,515,NaN,NaN,NaN,NaN
1295,210,515,NaN,NaN,NaN,NaN
1296,209,515,NaN,NaN,NaN,NaN
1297,208,515,NaN,NaN,NaN,NaN
1298,207,515,NaN,NaN,NaN,NaN
1299,206,515,NaN,NaN,NaN,NaN
1300,205,515,NaN,NaN,NaN,NaN
1301,204,515,NaN,NaN,NaN,NaN
1302,203,515,NaN,NaN,NaN,NaN
1303,202,515,NaN,NaN,NaN,NaN
1304,201,515,NaN,NaN,NaN,NaN
1305,200,515,NaN,NaN,NaN,NaN
1306,199,515,NaN,NaN,NaN,NaN
1307,198,515,NaN,NaN,NaN,NaN
1308,197,515,NaN,NaN,NaN,NaN
1309,196,515,NaN,NaN,NaN,NaN
1310,195,515,NaN,NaN,NaN,NaN
1311,194,515,NaN,NaN,NaN,NaN
1312,193,515,NaN,NaN,NaN,NaN
1313,192,515,NaN,NaN,NaN,NaN
1314,191,515,NaN,NaN,NaN,NaN
1315,190,515,NaN,NaN,NaN,NaN
1316,189,515,NaN,NaN,NaN,NaN
1317,188,515,NaN,NaN,NaN,NaN
1318,187,515,NaN,NaN,NaN,NaN
1319,186,515,NaN,NaN,NaN,NaN
1320,185,515,NaN,NaN,NaN,NaN
1321,184,515,NaN,NaN,NaN,NaN
1322,183,515,NaN,NaN,NaN,NaN
1323,182,515,NaN,NaN,NaN,NaN
1324,181,515,NaN,NaN,NaN,NaN
1325,180,515,NaN,NaN,NaN,NaN
1326,179,515,NaN,NaN,NaN,NaN
1327,178,515,NaN,NaN,NaN,NaN
1328,177,515,NaN,NaN,NaN,NaN
1329,176,515,NaN,NaN,NaN,NaN
1330,175,515,NaN,NaN,NaN,NaN
1331,174,515,NaN,NaN,NaN,NaN
1332,173,515,NaN,NaN,NaN,NaN
1333,172,515,NaN,NaN,NaN,NaN
1334,171,515,NaN,NaN,NaN,NaN
1335,170,515,NaN,NaN,NaN,NaN
1336,169,515,NaN,NaN,NaN,NaN
1337,168,515,NaN,NaN,NaN,NaN
1338,167,515,NaN,NaN,NaN,NaN
1339,166,515,NaN,NaN,NaN,NaN
1340,165,515,NaN,NaN,NaN,NaN
1341,164,515,NaN,NaN,NaN,NaN
1342,163,515,NaN,NaN,NaN,NaN
1343,162,515,NaN,NaN,NaN,NaN
1344,161,515,NaN,NaN,NaN,NaN
1345,160,515,NaN,NaN,NaN,NaN
1346,159,515,NaN,NaN,NaN,NaN
1347,158,515,NaN,NaN,NaN,NaN
1348,157,515,NaN,NaN,NaN,NaN
1349,156,515,NaN,NaN,NaN,NaN
1350,155,515,NaN,NaN,NaN,NaN
1351,154,515,NaN,NaN,NaN,NaN
1352,153,515,NaN,NaN,NaN,NaN
1353,152,515,NaN,NaN,NaN,NaN
1354,151,515,NaN,NaN,NaN,NaN
1355,150,515,NaN,NaN,NaN,NaN
1356,149,515,NaN,NaN,NaN,NaN
1357,148,515,NaN,NaN,NaN,NaN
1358,147,515,NaN,NaN,NaN,NaN
1359,146,515,NaN,NaN,NaN,NaN
1360,145,515,NaN,NaN,NaN,NaN
1361,144,515,NaN,NaN,NaN,NaN
1362,143,515,NaN,NaN,NaN,NaN
1363,142,515,NaN,NaN,NaN,NaN
1364,141,515,NaN,NaN,NaN,NaN
1365,140,515,NaN,NaN,NaN,NaN
1366,139,515,NaN,NaN,NaN,NaN
1367,138,515,NaN,NaN,NaN,NaN
1368,137,515,NaN,NaN,NaN,NaN
1369,136,515,NaN,NaN,NaN,NaN
1370,135,515,NaN,NaN,NaN,NaN
1371,134,515,NaN,NaN,NaN,NaN
1372,133,515,NaN,NaN,NaN,NaN
1373,132,515,NaN,NaN,NaN,NaN
1374,131,515,NaN,NaN,NaN,NaN
1375,130,515,NaN,NaN,NaN,NaN
1376,129,515,NaN,NaN,NaN,NaN
1377,128,515,NaN,NaN,NaN,NaN
1378,127,515,NaN,NaN,NaN,NaN
1379,126,515,NaN,NaN,NaN,NaN
1380,125,515,NaN,NaN,NaN,NaN
1381,124,515,NaN,NaN,NaN,NaN
1382,123,515,NaN,NaN,NaN,NaN
1383,122,515,NaN,NaN,NaN,NaN
1384,121,515,NaN,NaN,NaN,NaN
1385,120,515,NaN,NaN,NaN,NaN
1386,119,515,NaN,NaN,NaN,NaN
1387,118,515,NaN,NaN,NaN,NaN
1388,117,515,NaN,NaN,NaN,NaN
1389,116,515,NaN,NaN,NaN,NaN
1390,115,515,NaN,NaN,NaN,NaN
1391,114,515,NaN,NaN,NaN,NaN
1392,113,515,NaN,NaN,NaN,NaN
1393,112,515,NaN,NaN,NaN,NaN
1394,111,515,NaN,NaN,NaN,NaN
1395,110,515,NaN,NaN,NaN,NaN
1396,109,515,NaN,NaN,NaN,NaN
1397,108,515,NaN,NaN,NaN,NaN
1398,107,515,NaN,NaN,NaN,NaN
1399,106,515,NaN,NaN,NaN,NaN
1400,105,515,NaN,NaN,NaN,NaN
1401,104,515,NaN,NaN,NaN,NaN
1402,103,515,NaN,NaN,NaN,NaN
1403,102,515,NaN,NaN,NaN,NaN
1404,101,515,NaN,NaN,NaN,NaN
1405,100,515,NaN,NaN,NaN,NaN
1406,99,515,NaN,NaN,NaN,NaN
1407,98,515,NaN,NaN,NaN,NaN
1408,97,515,NaN,NaN,NaN,NaN
1409,96,515,NaN,NaN,NaN,NaN
1410,95,515,NaN,NaN,NaN,NaN
1411,94,515,NaN,NaN,NaN,NaN
1412,93,515,NaN,NaN,NaN,NaN
1413,92,515,NaN,NaN,NaN,NaN
1414,91,515,NaN,NaN,NaN,NaN
1415,90,515,NaN,NaN,NaN,NaN
1416,89,515,NaN,NaN,NaN,NaN
1417,88,515,NaN,NaN,NaN,NaN
1418,87,515,NaN,NaN,NaN,NaN
1419,86,515,NaN,NaN,NaN,NaN
1420,85,515,NaN,NaN,NaN,NaN
1421,84,515,NaN,NaN,NaN,NaN
1422,83,515,NaN,NaN,NaN,NaN
1423,82,515,NaN,NaN,NaN,NaN
1424,81,515,NaN,NaN,NaN,NaN
1425,80,515,NaN,NaN,NaN,NaN
1426,79,515,NaN,NaN,NaN,NaN
1427,78,515,NaN,NaN,NaN,NaN
1428,77,515,NaN,NaN,NaN,NaN
1429,76,515,NaN,NaN,NaN,NaN
1430,75,515,NaN,NaN,NaN,NaN
1431,74,515,NaN,NaN,NaN,NaN
1432,73,515,NaN,NaN,NaN,NaN
1433,72,515,NaN,NaN,NaN,NaN
1434,71,515,NaN,NaN,NaN,NaN
1435,70,515,NaN,NaN,NaN,NaN
1436,69,515,NaN,NaN,NaN,NaN
1437,68,515,NaN,NaN,NaN,NaN
1438,67,515,NaN,NaN,NaN,NaN
1439,66,515,NaN,NaN,NaN,NaN
1440,65,515,NaN,NaN,NaN,NaN
1441,64,515,NaN,NaN,NaN,NaN
1442,63,515,NaN,NaN,NaN,NaN
1443,62,515,NaN,NaN,NaN,NaN
1444,61,515,NaN,NaN,NaN,NaN
1445,60,515,NaN,NaN,NaN,NaN
1446,59,515,NaN,NaN,NaN,NaN
1447,58,515,NaN,NaN,NaN,NaN
1448,57,515,NaN,NaN,NaN,NaN
1449,56,515,NaN,NaN,NaN,NaN
1450,55,515,NaN,NaN,NaN,NaN
1451,54,515,NaN,NaN,NaN,NaN
1452,53,515,NaN,NaN,NaN,NaN
1453,52,515,NaN,NaN,NaN,NaN
1454,51,515,NaN,NaN,NaN,NaN
1455,50,515,NaN,NaN,NaN,NaN
1456,49,515,NaN,NaN,NaN,NaN
1457,48,515,NaN,NaN,NaN,NaN
1458,47,515,NaN,NaN,NaN,NaN
1459,46,515,NaN,NaN,NaN,NaN
1460,45,515,NaN,NaN,NaN,NaN
1461,44,515,NaN,NaN,NaN,NaN
1462,43,515,NaN,NaN,NaN,NaN
1463,42,515,NaN,NaN,NaN,NaN
1464,41,515,NaN,NaN,NaN,NaN
1465,40,515,NaN,NaN,NaN,NaN
1466,39,515,NaN,NaN,NaN,NaN
1467,38,515,NaN,NaN,NaN,NaN
1468,37,515,NaN,NaN,NaN,NaN
1469,36,515,NaN,NaN,NaN,NaN
1470,35,515,NaN,NaN,NaN,NaN
1471,34,515,NaN,NaN,NaN,NaN
1472,33,515,NaN,NaN,NaN,NaN
1473,32,515,NaN,NaN,NaN,NaN
1474,31,515,NaN,NaN,NaN,NaN
1475,30,515,NaN,NaN,NaN,NaN
1476,29,515,NaN,NaN,NaN,NaN
1477,28,515,NaN,NaN,NaN,NaN
1478,27,515,NaN,NaN,NaN,NaN
1479,26,515,NaN,NaN,NaN,NaN
1480,25,515,NaN,NaN,NaN,NaN
1481,24,515,NaN,NaN,NaN,NaN
1482,23,515,NaN,NaN,NaN,NaN
1483,22,515,NaN,NaN,NaN,NaN
1484,21,515,NaN,NaN,NaN,NaN
1485,20,515,NaN,NaN,NaN,NaN
1486,19,515,NaN,NaN,NaN,NaN
1487,18,515,NaN,NaN,NaN,NaN
1488,17,515,NaN,NaN,NaN,NaN
1489,16,515,NaN,NaN,NaN,NaN
1490,15,515,NaN,NaN,NaN,NaN
1491,14,515,NaN,NaN,NaN,NaN
1492,13,515,NaN,NaN,NaN,NaN
1493,12,515,NaN,NaN,NaN,NaN
1494,11,515,NaN,NaN,NaN,NaN
1495,10,515,NaN,NaN,NaN,NaN
1496,9,515,NaN,NaN,NaN,NaN
1497,8,515,NaN,NaN,NaN,NaN
1498,7,515,NaN,NaN,NaN,NaN
1499,6,515,NaN,NaN,NaN,NaN
1500,5,515,NaN,NaN,NaN,NaN
1501,4,515,NaN,NaN,NaN,NaN
1502,3,515,NaN,NaN,NaN,NaN
1503,2,515,NaN,NaN,NaN,NaN
1504,1,515,NaN,NaN,NaN,NaN
1505,0,515,NaN,NaN,NaN,NaN
1506,-1,515,NaN,NaN,NaN,NaN
1507,-1,514,NaN,NaN,NaN,NaN
1508,-1,513,NaN,NaN,NaN,NaN
1509,-1,512,NaN,NaN,NaN,NaN
1510,-1,511,NaN,NaN,NaN,NaN
1511,-1,510,NaN,NaN,NaN,NaN
1512,-1,509,NaN,NaN,NaN,NaN
1513,-1,508,NaN,NaN,NaN,NaN
1514,-1,507,NaN,NaN,NaN,NaN
1515,-1,506,NaN,NaN,NaN,NaN
1516,-1,505,NaN,NaN,NaN,NaN
1517,-1,504,NaN,NaN,NaN,NaN
1518,-1,503,NaN,NaN,NaN,NaN
1519,-1,502,NaN,NaN,NaN,NaN
1520,-1,501,NaN,NaN,NaN,NaN
1521,-1,500,NaN,NaN,NaN,NaN
1522,-1,499,NaN,NaN,NaN,NaN
1523,-1,498,NaN,NaN,NaN,NaN
1524,-1,497,NaN,NaN,NaN,NaN
1525,-1,496,NaN,NaN,NaN,NaN
1526,-1,495,NaN,NaN,NaN,NaN
1527,-1,494,NaN,NaN,NaN,NaN
1528,-1,493,NaN,NaN,NaN,NaN
1529,-1,492,NaN,NaN,NaN,NaN
1530,-1,491,NaN,NaN,NaN,NaN
1531,-1,490,NaN,NaN,NaN,NaN
1532,-1,489,NaN,NaN,NaN,NaN
1533,-1,488,NaN,NaN,NaN,NaN
1534,-1,487,NaN,NaN,NaN,NaN
1535,-1,486,NaN,NaN,NaN,NaN
1536,-1,485,NaN,NaN,NaN,NaN
1537,-1,484,NaN,NaN,NaN,NaN
1538,-1,483,NaN,NaN,NaN,NaN
1539,-1,482,NaN,NaN,NaN,NaN
1540,-1,481,NaN,NaN,NaN,NaN
1541,-1,480,NaN,NaN,NaN,NaN
1542,-1,479,NaN,NaN,NaN,NaN
1543,-1,478,NaN,NaN,NaN,NaN
1544,-1,477,NaN,NaN,NaN,NaN
1545,-1,476,NaN,NaN,NaN,NaN
1546,-1,475,NaN,NaN,NaN,NaN
1547,-1,474,NaN,NaN,NaN,NaN
1548,-1,473,NaN,NaN,NaN,NaN
1549,-1,472,NaN,NaN,NaN,NaN
1550,-1,471,NaN,NaN,NaN,NaN
1551,-1,470,NaN,NaN,NaN,NaN
1552,-1,469,NaN,NaN,NaN,NaN
1553,-1,468,NaN,NaN,NaN,NaN
1554,-1,467,NaN,NaN,NaN,NaN
1555,-1,466,NaN,NaN,NaN,NaN
1556,-1,465,NaN,NaN,NaN,NaN
1557,-1,464,NaN,NaN,NaN,NaN
1558,-1,463,NaN,NaN,NaN,NaN
1559,-1,462,NaN,NaN,NaN,NaN
1560,-1,461,NaN,NaN,NaN,NaN
1561,-1,460,NaN,NaN,NaN,NaN
1562,-1,459,NaN,NaN,NaN,NaN
1563,-1,458,NaN,NaN,NaN,NaN
1564,-1,457,NaN,NaN,NaN,NaN
1565,-1,456,NaN,NaN,NaN,NaN
1566,-1,455,NaN,NaN,NaN,NaN
1567,-1,454,NaN,NaN,NaN,NaN
1568,-1,453,NaN,NaN,NaN,NaN
1569,-1,452,NaN,NaN,NaN,NaN
1570,-1,451,NaN,NaN,NaN,NaN
1571,-1,450,NaN,NaN,NaN,NaN
1572,-1,449,NaN,NaN,NaN,NaN
1573,-1,448,NaN,NaN,NaN,NaN
1574,-1,447,NaN,NaN,NaN,NaN
1575,-1,446,NaN,NaN,NaN,NaN
1576,-1,445,NaN,NaN,NaN,NaN
1577,-1,444,NaN,NaN,NaN,NaN
1578,-1,443,NaN,NaN,NaN,NaN
1579,-1,442,NaN,NaN,NaN,NaN
1580,-1,441,NaN,NaN,NaN,NaN
1581,-1,440,NaN,NaN,NaN,NaN
1582,-1,439,NaN,NaN,NaN,NaN
1583,-1,438,NaN,NaN,NaN,NaN
1584,-1,437,NaN,NaN,NaN,NaN
1585,-1,436,NaN,NaN,NaN,NaN
1586,-1,435,NaN,NaN,NaN,NaN
1587,-1,434,NaN,NaN,NaN,NaN
1588,-1,433,NaN,NaN,NaN,NaN
1589,-1,432,NaN,NaN,NaN,NaN
1590,-1,431,NaN,NaN,NaN,NaN
1591,-1,430,NaN,NaN,NaN,NaN
1592,-1,429,NaN,NaN,NaN,NaN
1593,-1,428,NaN,NaN,NaN,NaN
1594,-1,427,NaN,NaN,NaN,NaN
1595,-1,426,NaN,NaN,NaN,NaN
1596,-1,425,NaN,NaN,NaN,NaN
1597,-1,424,NaN,NaN,NaN,NaN
1598,-1,423,NaN,NaN,NaN,NaN
1599,-1,422,NaN,NaN,NaN,NaN
1600,-1,421,NaN,NaN,NaN,NaN
1601,-1,420,NaN,NaN,NaN,NaN
1602,-1,419,NaN,NaN,NaN,NaN
1603,-1,418,NaN,NaN,NaN,NaN
1604,-1,417,NaN,NaN,NaN,NaN
1605,-1,416,NaN,NaN,NaN,NaN
1606,-1,415,NaN,NaN,NaN,NaN
1607,-1,414,NaN,NaN,NaN,NaN
1608,-1,413,NaN,NaN,NaN,NaN
1609,-1,412,NaN,NaN,NaN,NaN
1610,-1,411,NaN,NaN,NaN,NaN
1611,-1,410,NaN,NaN,NaN,NaN
1612,-1,409,NaN,NaN,NaN,NaN
1613,-1,408,NaN,NaN,NaN,NaN
1614,-1,407,NaN,NaN,NaN,NaN
1615,-1,406,NaN,NaN,NaN,NaN
1616,-1,405,NaN,NaN,NaN,NaN
1617,-1,404,NaN,NaN,NaN,NaN
1618,-1,403,NaN,NaN,NaN,NaN
1619,-1,402,NaN,NaN,NaN,NaN
1620,-1,401,NaN,NaN,NaN,NaN
1621,-1,400,NaN,NaN,NaN,NaN
1622,-1,399,NaN,NaN,NaN,NaN
1623,-1,398,NaN,NaN,NaN,NaN
1624,-1,397,NaN,NaN,NaN,NaN
1625,-1,396,NaN,NaN,NaN,NaN
1626,-1,395,NaN,NaN,NaN,NaN
1627,-1,394,NaN,NaN,NaN,NaN
1628,-1,393,NaN,NaN,NaN,NaN
1629,-1,392,NaN,NaN,NaN,NaN
1630,-1,391,NaN,NaN,NaN,NaN
1631,-1,390,NaN,NaN,NaN,NaN
1632,-1,389,NaN,NaN,NaN,NaN
1633,-1,388,NaN,NaN,NaN,NaN
1634,-1,387,NaN,NaN,NaN,NaN
1635,-1,386,NaN,NaN,NaN,NaN
1636,-1,385,NaN,NaN,NaN,NaN
1637,-1,384,NaN,NaN,NaN,NaN
1638,-1,383,NaN,NaN,NaN,NaN
1639,-1,382,NaN,NaN,NaN,NaN
1640,-1,381,NaN,NaN,NaN,NaN
1641,-1,380,NaN,NaN,NaN,NaN
1642,-1,379,NaN,NaN,NaN,NaN
1643,-1,378,NaN,NaN,NaN,NaN
1644,-1,377,NaN,NaN,NaN,NaN
1645,-1,376,NaN,NaN,NaN,NaN
1646,-1,375,NaN,NaN,NaN,NaN
1647,-1,374,NaN,NaN,NaN,NaN
1648,-1,373,NaN,NaN,NaN,NaN
1649,-1,372,NaN,NaN,NaN,NaN
1650,-1,371,NaN,NaN,NaN,NaN
1651,-1,370,NaN,NaN,NaN,NaN
1652,-1,369,NaN,NaN,NaN,NaN
1653,-1,368,NaN,NaN,NaN,NaN
1654,-1,367,NaN,NaN,NaN,NaN
1655,-1,366,NaN,NaN,NaN,NaN
1656,-1,365,NaN,NaN,NaN,NaN
1657,-1,364,NaN,NaN,NaN,NaN
1658,-1,363,NaN,NaN,NaN,NaN
1659,-1,362,NaN,NaN,NaN,NaN
1660,-1,361,NaN,NaN,NaN,NaN
1661,-1,360,NaN,NaN,NaN,NaN
1662,-1,359,NaN,NaN,NaN,NaN
1663,-1,358,NaN,NaN,NaN,NaN
1664,-1,357,NaN,NaN,NaN,NaN
1665,-1,356,NaN,NaN,NaN,NaN
1666,-1,355,NaN,NaN,NaN,NaN
1667,-1,354,NaN,NaN,NaN,NaN
1668,-1,353,NaN,NaN,NaN,NaN
1669,-1,352,NaN,NaN,NaN,NaN
1670,-1,351,NaN,NaN,NaN,NaN
1671,-1,350,NaN,NaN,NaN,NaN
1672,-1,349,NaN,NaN,NaN,NaN
1673,-1,348,NaN,NaN,NaN,NaN
1674,-1,347,NaN,NaN,NaN,NaN
1675,-1,346,NaN,NaN,NaN,NaN
1676,-1,345,NaN,NaN,NaN,NaN
1677,-1,344,NaN,NaN,NaN,NaN
1678,-1,343,NaN,NaN,NaN,NaN
1679,-1,342,NaN,NaN,NaN,NaN
1680,-1,341,NaN,NaN,NaN,NaN
1681,-1,340,NaN,NaN,NaN,NaN
1682,-1,339,NaN,NaN,NaN,NaN
1683,-1,338,NaN,NaN,NaN,NaN
1684,-1,337,NaN,NaN,NaN,NaN
1685,-1,336,NaN,NaN,NaN,NaN
1686,-1,335,NaN,NaN,NaN,NaN
1687,-1,334,NaN,NaN,NaN,NaN
1688,-1,333,NaN,NaN,NaN,NaN
1689,-1,332,NaN,NaN,NaN,NaN
1690,-1,331,NaN,NaN,NaN,NaN
1691,-1,330,NaN,NaN,NaN,NaN
1692,-1,329,NaN,NaN,NaN,NaN
1693,-1,328,NaN,NaN,NaN,NaN
1694,-1,327,NaN,NaN,NaN,NaN
1695,-1,326,NaN,NaN,NaN,NaN
1696,-1,325,NaN,NaN,NaN,NaN
1697,-1,324,NaN,NaN,NaN,NaN
1698,-1,323,NaN,NaN,NaN,NaN
1699,-1,322,NaN,NaN,NaN,NaN
1700,-1,321,NaN,NaN,NaN,NaN
1701,-1,320,NaN,NaN,NaN,NaN
1702,-1,319,NaN,NaN,NaN,NaN
1703,-1,318,NaN,NaN,NaN,NaN
1704,-1,317,NaN,NaN,NaN,NaN
1705,-1,316,NaN,NaN,NaN,NaN
1706,-1,315,NaN,NaN,NaN,NaN
1707,-1,314,NaN,NaN,NaN,NaN
1708,-1,313,NaN,NaN,NaN,NaN
1709,-1,312,NaN,NaN,NaN,NaN
1710,-1,311,NaN,NaN,NaN,NaN
1711,-1,310,NaN,NaN,NaN,NaN
1712,-1,309,NaN,NaN,NaN,NaN
1713,-1,308,NaN,NaN,NaN,NaN
1714,-1,307,NaN,NaN,NaN,NaN
1715,-1,306,NaN,NaN,NaN,NaN
1716,-1,305,NaN,NaN,NaN,NaN
1717,-1,304,NaN,NaN,NaN,NaN
1718,-1,303,NaN,NaN,NaN,NaN
1719,-1,302,NaN,NaN,NaN,NaN
1720,-1,301,NaN,NaN,NaN,NaN
1721,-1,300,NaN,NaN,NaN,NaN
1722,-1,299,NaN,NaN,NaN,NaN
1723,-1,298,NaN,NaN,NaN,NaN
1724,-1,297,NaN,NaN,NaN,NaN
1725,-1,296,NaN,NaN,NaN,NaN
1726,-1,295,NaN,NaN,NaN,NaN
1727,-1,294,NaN,NaN,NaN,NaN
1728,-1,293,NaN,NaN,NaN,NaN
1729,-1,292,NaN,NaN,NaN,NaN
1730,-1,291,NaN,NaN,NaN,NaN
1731,-1,290,NaN,NaN,NaN,NaN
1732,-1,289,NaN,NaN,NaN,NaN
1733,-1,288,NaN,NaN,NaN,NaN
1734,-1,287,NaN,NaN,NaN,NaN
1735,-1,286,NaN,NaN,NaN,NaN
1736,-1,285,NaN,NaN,NaN,NaN
1737,-1,284,NaN,NaN,NaN,NaN
1738,-1,283,NaN,NaN,NaN,NaN
1739,-1,282,NaN,NaN,NaN,NaN
1740,-1,281,NaN,NaN,NaN,NaN
1741,-1,280,NaN,NaN,NaN,NaN
1742,-1,279,NaN,NaN,NaN,NaN
1743,-1,278,NaN,NaN,NaN,NaN
1744,-1,277,NaN,NaN,NaN,NaN
1745,-1,276,NaN,NaN,NaN,NaN
1746,-1,275,NaN,NaN,NaN,NaN
1747,-1,274,NaN,NaN,NaN,NaN
1748,-1,273,NaN,NaN,NaN,NaN
1749,-1,272,NaN,NaN,NaN,NaN
1750,-1,271,NaN,NaN,NaN,NaN
1751,-1,270,NaN,NaN,NaN,NaN
1752,-1,269,NaN,NaN,NaN,NaN
1753,-1,268,NaN,NaN,NaN,NaN
1754,-1,267,NaN,NaN,NaN,NaN
1755,-1,266,NaN,NaN,NaN,NaN
1756,-1,265,NaN,NaN,NaN,NaN
1757,-1,264,NaN,NaN,NaN,NaN
1758,-1,263,NaN,NaN,NaN,NaN
1759,-1,262,NaN,NaN,NaN,NaN
1760,-1,261,NaN,NaN,NaN,NaN
1761,-1,260,NaN,NaN,NaN,NaN
1762,-1,259,NaN,NaN,NaN,NaN
1763,-1,258,NaN,NaN,NaN,NaN
1764,-1,257,NaN,NaN,NaN,NaN
1765,-1,256,NaN,NaN,NaN,NaN
1766,-1,255,NaN,NaN,NaN,NaN
1767,-1,254,NaN,NaN,NaN,NaN
1768,-1,253,NaN,NaN,NaN,NaN
1769,-1,252,NaN,NaN,NaN,NaN
1770,-1,251,NaN,NaN,NaN,NaN
1771,-1,250,NaN,NaN,NaN,NaN
1772,-1,249,NaN,NaN,NaN,NaN
1773,-1,248,NaN,NaN,NaN,NaN
1774,-1,247,NaN,NaN,NaN,NaN
1775,-1,246,NaN,NaN,NaN,NaN
1776,-1,245,NaN,NaN,NaN,NaN
1777,-1,244,NaN,NaN,NaN,NaN
1778,-1,243,NaN,NaN,NaN,NaN
1779,-1,242,NaN,NaN,NaN,NaN
1780,-1,241,NaN,NaN,NaN,NaN
1781,-1,240,NaN,NaN,NaN,NaN
1782,-1,239,NaN,NaN,NaN,NaN
1783,-1,238,NaN,NaN,NaN,NaN
1784,-1,237,NaN,NaN,NaN,NaN
1785,-1,236,NaN,NaN,NaN,NaN
1786,-1,235,NaN,NaN,NaN,NaN
1787,-1,234,NaN,NaN,NaN,NaN
1788,-1,233,NaN,NaN,NaN,NaN
1789,-1,232,NaN,NaN,NaN,NaN
1790,-1,231,NaN,NaN,NaN,NaN
1791,-1,230,NaN,NaN,NaN,NaN
1792,-1,229,NaN,NaN,NaN,NaN
1793,-1,228,NaN,NaN,NaN,NaN
1794,-1,227,NaN,NaN,NaN,NaN
1795,-1,226,NaN,NaN,NaN,NaN
1796,-1,225,NaN,NaN,NaN,NaN
1797,-1,224,NaN,NaN,NaN,NaN
1798,-1,223,NaN,NaN,NaN,NaN
1799,-1,222,NaN,NaN,NaN,NaN
1800,-1,221,NaN,NaN,NaN,NaN
1801,-1,220,NaN,NaN,NaN,NaN
1802,-1,219,NaN,NaN,NaN,NaN
1803,-1,218,NaN,NaN,NaN,NaN
1804,-1,217,NaN,NaN,NaN,NaN
1805,-1,216,NaN,NaN,NaN,NaN
1806,-1,215,NaN,NaN,NaN,NaN
1807,-1,214,NaN,NaN,NaN,NaN
1808,-1,213,NaN,NaN,NaN,NaN
1809,-1,212,NaN,NaN,NaN,NaN
1810,-1,211,NaN,NaN,NaN,NaN
1811,-1,210,NaN,NaN,NaN,NaN
1812,-1,209,NaN,NaN,NaN,NaN
1813,-1,208,NaN,NaN,NaN,NaN
1814,-1,207,NaN,NaN,NaN,NaN
1815,-1,206,NaN,NaN,NaN,NaN
1816,-1,205,NaN,NaN,NaN,NaN
1817,-1,204,NaN,NaN,NaN,NaN
1818,-1,203,NaN,NaN,NaN,NaN
1819,-1,202,NaN,NaN,NaN,NaN
1820,-1,201,NaN,NaN,NaN,NaN
1821,-1,200,NaN,NaN,NaN,NaN
1822,-1,199,NaN,NaN,NaN,NaN
1823,-1,198,NaN,NaN,NaN,NaN
1824,-1,197,NaN,NaN,NaN,NaN
1825,-1,196,NaN,NaN,NaN,NaN
1826,-1,195,NaN,NaN,NaN,NaN
1827,-1,194,NaN,NaN,NaN,NaN
1828,-1,193,NaN,NaN,NaN,NaN
1829,-1,192,NaN,NaN,NaN,NaN
1830,-1,191,NaN,NaN,NaN,NaN
1831,-1,190,NaN,NaN,NaN,NaN
1832,-1,189,NaN,NaN,NaN,NaN
1833,-1,188,NaN,NaN,NaN,NaN
1834,-1,187,NaN,NaN,NaN,NaN
1835,-1,186,NaN,NaN,NaN,NaN
1836,-1,185,NaN,NaN,NaN,NaN
1837,-1,184,NaN,NaN,NaN,NaN
1838,-1,183,NaN,NaN,NaN,NaN
1839,-1,182,NaN,NaN,NaN,NaN
1840,-1,181,NaN,NaN,NaN,NaN
1841,-1,180,NaN,NaN,NaN,NaN
1842,-1,179,NaN,NaN,NaN,NaN
1843,-1,178,NaN,NaN,NaN,NaN
1844,-1,177,NaN,NaN,NaN,NaN
1845,-1,176,NaN,NaN,NaN,NaN
1846,-1,175,NaN,NaN,NaN,NaN
1847,-1,174,NaN,NaN,NaN,NaN
1848,-1,173,NaN,NaN,NaN,NaN
1849,-1,172,NaN,NaN,NaN,NaN
1850,-1,171,NaN,NaN,NaN,NaN
1851,-1,170,NaN,NaN,NaN,NaN
1852,-1,169,NaN,NaN,NaN,NaN
1853,-1,168,NaN,NaN,NaN,NaN
1854,-1,167,NaN,NaN,NaN,NaN
1855,-1,166,NaN,NaN,NaN,NaN
1856,-1,165,NaN,NaN,NaN,NaN
1857,-1,164,NaN,NaN,NaN,NaN
1858,-1,163,NaN,NaN,NaN,NaN
1859,-1,162,NaN,NaN,NaN,NaN
1860,-1,161,NaN,NaN,NaN,NaN
1861,-1,160,NaN,NaN,NaN,NaN
1862,-1,159,NaN,NaN,NaN,NaN
1863,-1,158,NaN,NaN,NaN,NaN
1864,-1,157,NaN,NaN,NaN,NaN
1865,-1,156,NaN,NaN,NaN,NaN
1866,-1,155,NaN,NaN,NaN,NaN
1867,-1,154,NaN,NaN,NaN,NaN
1868,-1,153,NaN,NaN,NaN,NaN
1869,-1,152,NaN,NaN,NaN,NaN
1870,-1,151,NaN,NaN,NaN,NaN
1871,-1,150,NaN,NaN,NaN,NaN
1872,-1,149,NaN,NaN,NaN,NaN
1873,-1,148,NaN,NaN,NaN,NaN
1874,-1,147,NaN,NaN,NaN,NaN
1875,-1,146,NaN,NaN,NaN,NaN
1876,-1,145,NaN,NaN,NaN,NaN
1877,-1,144,NaN,NaN,NaN,NaN
1878,-1,143,NaN,NaN,NaN,NaN
1879,-1,142,NaN,NaN,NaN,NaN
1880,-1,141,NaN,NaN,NaN,NaN
1881,-1,140,NaN,NaN,NaN,NaN
1882,-1,139,NaN,NaN,NaN,NaN
1883,-1,138,NaN,NaN,NaN,NaN
1884,-1,137,NaN,NaN,NaN,NaN
1885,-1,136,NaN,NaN,NaN,NaN
1886,-1,135,NaN,NaN,NaN,NaN
1887,-1,134,NaN,NaN,NaN,NaN
1888,-1,133,NaN,NaN,NaN,NaN
1889,-1,132,NaN,NaN,NaN,NaN
1890,-1,131,NaN,NaN,NaN,NaN
1891,-1,130,NaN,NaN,NaN,NaN
1892,-1,129,NaN,NaN,NaN,NaN
1893,-1,128,NaN,NaN,NaN,NaN
1894,-1,127,NaN,NaN,NaN,NaN
1895,-1,126,NaN,NaN,NaN,NaN
1896,-1,125,NaN,NaN,NaN,NaN
1897,-1,124,NaN,NaN,NaN,NaN
1898,-1,123,NaN,NaN,NaN,NaN
1899,-1,122,NaN,NaN,NaN,NaN
1900,-1,121,NaN,NaN,NaN,NaN
1901,-1,120,NaN,NaN,NaN,NaN
1902,-1,119,NaN,NaN,NaN,NaN
1903,-1,118,NaN,NaN,NaN,NaN
1904,-1,117,NaN,NaN,NaN,NaN
1905,-1,116,NaN,NaN,NaN,NaN
1906,-1,115,NaN,NaN,NaN,NaN
1907,-1,114,NaN,NaN,NaN,NaN
1908,-1,113,NaN,NaN,NaN,NaN
1909,-1,112,NaN,NaN,NaN,NaN
1910,-1,111,NaN,NaN,NaN,NaN
1911,-1,110,NaN,NaN,NaN,NaN
1912,-1,109,NaN,NaN,NaN,NaN
1913,-1,108,NaN,NaN,NaN,NaN
1914,-1,107,NaN,NaN,NaN,NaN
1915,-1,106,NaN,NaN,NaN,NaN
1916,-1,105,NaN,NaN,NaN,NaN
1917,-1,104,NaN,NaN,NaN,NaN
1918,-1,103,NaN,NaN,NaN,NaN
1919,-1,102,NaN,NaN,NaN,NaN
1920,-1,101,NaN,NaN,NaN,NaN
1921,-1,100,NaN,NaN,NaN,NaN
1922,-1,99,NaN,NaN,NaN,NaN
1923,-1,98,NaN,NaN,NaN,NaN
1924,-1,97,NaN,NaN,NaN,NaN
1925,-1,96,NaN,NaN,NaN,NaN
1926,-1,95,NaN,NaN,NaN,NaN
1927,-1,94,NaN,NaN,NaN,NaN
1928,-1,93,NaN,NaN,NaN,NaN
1929,-1,92,NaN,NaN,NaN,NaN
1930,-1,91,NaN,NaN,NaN,NaN
1931,-1,90,NaN,NaN,NaN,NaN
1932,-1,89,NaN,NaN,NaN,NaN
1933,-1,88,NaN,NaN,NaN,NaN
1934,-1,87,NaN,NaN,NaN,NaN
1935,-1,86,NaN,NaN,NaN,NaN
1936,-1,85,NaN,NaN,NaN,NaN
1937,-1,84,NaN,NaN,NaN,NaN
1938,-1,83,NaN,NaN,NaN,NaN
1939,-1,82,NaN,NaN,NaN,NaN
1940,-1,81,NaN,NaN,NaN,NaN
1941,-1,80,NaN,NaN,NaN,NaN
1942,-1,79,NaN,NaN,NaN,NaN
1943,-1,78,NaN,NaN,NaN,NaN
1944,-1,77,NaN,NaN,NaN,NaN
1945,-1,76,NaN,NaN,NaN,NaN
1946,-1,75,NaN,NaN,NaN,NaN
1947,-1,74,NaN,NaN,NaN,NaN
1948,-1,73,NaN,NaN,NaN,NaN
1949,-1,72,NaN,NaN,NaN,NaN
1950,-1,71,NaN,NaN,NaN,NaN
1951,-1,70,NaN,NaN,NaN,NaN
1952,-1,69,NaN,NaN,NaN,NaN
1953,-1,68,NaN,NaN,NaN,NaN
1954,-1,67,NaN,NaN,NaN,NaN
1955,-1,66,NaN,NaN,NaN,NaN
1956,-1,65,NaN,NaN,NaN,NaN
1957,-1,64,NaN,NaN,NaN,NaN
1958,-1,63,NaN,NaN,NaN,NaN
1959,-1,62,NaN,NaN,NaN,NaN
1960,-1,61,NaN,NaN,NaN,NaN
1961,-1,60,NaN,NaN,NaN,NaN
1962,-1,59,NaN,NaN,NaN,NaN
1963,-1,58,NaN,NaN,NaN,NaN
1964,-1,57,NaN,NaN,NaN,NaN
1965,-1,56,NaN,NaN,NaN,NaN
1966,-1,55,NaN,NaN,NaN,NaN
1967,-1,54,NaN,NaN,NaN,NaN
1968,-1,53,NaN,NaN,NaN,NaN
1969,-1,52,NaN,NaN,NaN,NaN
1970,-1,51,NaN,NaN,NaN,NaN
1971,-1,50,NaN,NaN,NaN,NaN
1972,-1,49,NaN,NaN,NaN,NaN
1973,-1,48,NaN,NaN,NaN,NaN
1974,-1,47,NaN,NaN,NaN,NaN
1975,-1,46,NaN,NaN,NaN,NaN
1976,-1,45,NaN,NaN,NaN,NaN
1977,-1,44,NaN,NaN,NaN,NaN
1978,-1,43,NaN,NaN,NaN,NaN
1979,-1,42,NaN,NaN,NaN,NaN
1980,-1,41,NaN,NaN,NaN,NaN
1981,-1,40,NaN,NaN,NaN,NaN
1982,-1,39,NaN,NaN,NaN,NaN
1983,-1,38,NaN,NaN,NaN,NaN
1984,-1,37,NaN,NaN,NaN,NaN
1985,-1,36,NaN,NaN,NaN,NaN
1986,-1,35,NaN,NaN,NaN,NaN
1987,-1,34,NaN,NaN,NaN,NaN
1988,-1,33,NaN,NaN,NaN,NaN
1989,-1,32,NaN,NaN,NaN,NaN
1990,-1,31,NaN,NaN,NaN,NaN
1991,-1,30,NaN,NaN,NaN,NaN
1992,-1,29,NaN,NaN,NaN,NaN
1993,-1,28,NaN,NaN,NaN,NaN
1994,-1,27,NaN,NaN,NaN,NaN
1995,-1,26,NaN,NaN,NaN,NaN
1996,-1,25,NaN,NaN,NaN,NaN
1997,-1,24,NaN,NaN,NaN,NaN
1998,-1,23,NaN,NaN,NaN,NaN
1999,-1,22,NaN,NaN,NaN,NaN
2000,-1,21,NaN,NaN,NaN,NaN
2001,-1,20,NaN,NaN,NaN,NaN
2002,-1,19,NaN,NaN,NaN,NaN
2003,-1,18,NaN,NaN,NaN,NaN
2004,-1,17,NaN,NaN,NaN,NaN
2005,-1,16,NaN,NaN,NaN,NaN
2006,-1,15,NaN,NaN,NaN,NaN
2007,-1,14,NaN,NaN,NaN,NaN
2008,-1,13,NaN,NaN,NaN,NaN
2009,-1,12,NaN,NaN,NaN,NaN
2010,-1,11,NaN,NaN,NaN,NaN
2011,-1,10,NaN,NaN,NaN,NaN
2012,-1,9,NaN,NaN,NaN,NaN
2013,-1,8,NaN,NaN,NaN,NaN
2014,-1,7,NaN,NaN,NaN,NaN
2015,-1,6,NaN,NaN,NaN,NaN
2016,-1,5,NaN,NaN,NaN,NaN
2017,-1,4,NaN,NaN,NaN,NaN
2018,-1,3,NaN,NaN,NaN,NaN
2019,-1,2,NaN,NaN,NaN,NaN
2020,-1,1,NaN,NaN,NaN,NaN
2021,-1,0,NaN,NaN,NaN,NaN
2022,-1,-1,NaN,NaN,NaN,NaN
2023,-1,-2,NaN,NaN,NaN,NaN
