pixel_no,pixel_x,pixel_y,latitude,longitude,C12_imag_mean,C12_imag_sigma
1,-1,-2,NaN,NaN,NaN,NaN
2,0,-2,NaN,NaN,NaN,NaN
3,1,-2,NaN,NaN,NaN,NaN
4,2,-2,NaN,NaN,NaN,NaN
5,3,-2,NaN,NaN,NaN,NaN
6,4,-2,NaN,NaN,NaN,NaN
7,5,-2,NaN,NaN,NaN,NaN
8,6,-2,NaN,NaN,NaN,NaN
9,7,-2,NaN,NaN,NaN,NaN
10,8,-2,NaN,NaN,NaN,NaN
11,9,-2,NaN,NaN,NaN,NaN
12,10,-2,NaN,NaN,NaN,NaN
13,11,-2,NaN,NaN,NaN,NaN
14,12,-2,NaN,NaN,NaN,NaN
15,13,-2,NaN,NaN,NaN,NaN
16,14,-2,NaN,NaN,NaN,NaN
17,15,-2,NaN,NaN,NaN,NaN
18,16,-2,NaN,NaN,NaN,NaN
19,17,-2,NaN,NaN,NaN,NaN
20,18,-2,NaN,NaN,NaN,NaN
21,19,-2,NaN,NaN,NaN,NaN
22,20,-2,NaN,NaN,NaN,NaN
23,21,-2,NaN,NaN,NaN,NaN
24,22,-2,NaN,NaN,NaN,NaN
25,23,-2,NaN,NaN,NaN,NaN
26,24,-2,NaN,NaN,NaN,NaN
27,25,-2,NaN,NaN,NaN,NaN
28,26,-2,NaN,NaN,NaN,NaN
29,27,-2,NaN,NaN,NaN,NaN
30,28,-2,NaN,NaN,NaN,NaN
31,29,-2,NaN,NaN,NaN,NaN
32,30,-2,NaN,NaN,NaN,NaN
33,31,-2,NaN,NaN,NaN,NaN
34,32,-2,NaN,NaN,NaN,NaN
35,33,-2,NaN,NaN,NaN,NaN
36,34,-2,NaN,NaN,NaN,NaN
37,35,-2,NaN,NaN,NaN,NaN
38,36,-2,NaN,NaN,NaN,NaN
39,37,-2,NaN,NaN,NaN,NaN
40,38,-2,NaN,NaN,NaN,NaN
41,39,-2,NaN,NaN,NaN,NaN
42,40,-2,NaN,NaN,NaN,NaN
43,41,-2,NaN,NaN,NaN,NaN
44,42,-2,NaN,NaN,NaN,NaN
45,43,-2,NaN,NaN,NaN,NaN
46,44,-2,NaN,NaN,NaN,NaN
47,45,-2,NaN,NaN,NaN,NaN
48,46,-2,NaN,NaN,NaN,NaN
49,47,-2,NaN,NaN,NaN,NaN
50,48,-2,NaN,NaN,NaN,NaN
51,49,-2,NaN,NaN,NaN,NaN
52,50,-2,NaN,NaN,NaN,NaN
53,51,-2,NaN,NaN,NaN,NaN
54,52,-2,NaN,NaN,NaN,NaN
55,53,-2,NaN,NaN,NaN,NaN
56,54,-2,NaN,NaN,NaN,NaN
57,55,-2,NaN,NaN,NaN,NaN
58,56,-2,NaN,NaN,NaN,NaN
59,57,-2,NaN,NaN,NaN,NaN
60,58,-2,NaN,NaN,NaN,NaN
61,59,-2,NaN,NaN,NaN,NaN
62,60,-2,NaN,NaN,NaN,NaN
63,61,-2,NaN,NaN,NaN,NaN
64,62,-2,NaN,NaN,NaN,NaN
65,63,-2,NaN,NaN,NaN,NaN
66,64,-2,NaN,NaN,NaN,NaN
67,65,-2,NaN,NaN,NaN,NaN
68,66,-2,NaN,NaN,NaN,NaN
69,67,-2,NaN,NaN,NaN,NaN
70,68,-2,NaN,NaN,NaN,NaN
71,69,-2,NaN,NaN,NaN,NaN
72,70,-2,NaN,NaN,NaN,NaN
73,71,-2,NaN,NaN,NaN,NaN
74,72,-2,NaN,NaN,NaN,NaN
75,73,-2,NaN,NaN,NaN,NaN
76,74,-2,NaN,NaN,NaN,NaN
77,75,-2,NaN,NaN,NaN,NaN
78,76,-2,NaN,NaN,NaN,NaN
79,77,-2,NaN,NaN,NaN,NaN
80,78,-2,NaN,NaN,NaN,NaN
81,79,-2,NaN,NaN,NaN,NaN
82,80,-2,NaN,NaN,NaN,NaN
83,81,-2,NaN,NaN,NaN,NaN
84,82,-2,NaN,NaN,NaN,NaN
85,83,-2,NaN,NaN,NaN,NaN
86,84,-2,NaN,NaN,NaN,NaN
87,85,-2,NaN,NaN,NaN,NaN
88,86,-2,NaN,NaN,NaN,NaN
89,87,-2,NaN,NaN,NaN,NaN
90,88,-2,NaN,NaN,NaN,NaN
91,89,-2,NaN,NaN,NaN,NaN
92,90,-2,NaN,NaN,NaN,NaN
93,91,-2,NaN,NaN,NaN,NaN
94,92,-2,NaN,NaN,NaN,NaN
95,93,-2,NaN,NaN,NaN,NaN
96,94,-2,NaN,NaN,NaN,NaN
97,95,-2,NaN,NaN,NaN,NaN
98,96,-2,NaN,NaN,NaN,NaN
99,97,-2,NaN,NaN,NaN,NaN
100,98,-2,NaN,NaN,NaN,NaN
101,99,-2,NaN,NaN,NaN,NaN
102,100,-2,NaN,NaN,NaN,NaN
103,101,-2,NaN,NaN,NaN,NaN
104,102,-2,NaN,NaN,NaN,NaN
105,103,-2,NaN,NaN,NaN,NaN
106,104,-2,NaN,NaN,NaN,NaN
107,105,-2,NaN,NaN,NaN,NaN
108,106,-2,NaN,NaN,NaN,NaN
109,107,-2,NaN,NaN,NaN,NaN
110,108,-2,NaN,NaN,NaN,NaN
111,109,-2,NaN,NaN,NaN,NaN
112,110,-2,NaN,NaN,NaN,NaN
113,111,-2,NaN,NaN,NaN,NaN
114,112,-2,NaN,NaN,NaN,NaN
115,113,-2,NaN,NaN,NaN,NaN
116,114,-2,NaN,NaN,NaN,NaN
117,115,-2,NaN,NaN,NaN,NaN
118,116,-2,NaN,NaN,NaN,NaN
119,117,-2,NaN,NaN,NaN,NaN
120,118,-2,NaN,NaN,NaN,NaN
121,119,-2,NaN,NaN,NaN,NaN
122,120,-2,NaN,NaN,NaN,NaN
123,121,-2,NaN,NaN,NaN,NaN
124,122,-2,NaN,NaN,NaN,NaN
125,123,-2,NaN,NaN,NaN,NaN
126,124,-2,NaN,NaN,NaN,NaN
127,125,-2,NaN,NaN,NaN,NaN
128,126,-2,NaN,NaN,NaN,NaN
129,127,-2,NaN,NaN,NaN,NaN
130,128,-2,NaN,NaN,NaN,NaN
131,129,-2,NaN,NaN,NaN,NaN
132,130,-2,NaN,NaN,NaN,NaN
133,131,-2,NaN,NaN,NaN,NaN
134,132,-2,NaN,NaN,NaN,NaN
135,133,-2,NaN,NaN,NaN,NaN
136,134,-2,NaN,NaN,NaN,NaN
137,135,-2,NaN,NaN,NaN,NaN
138,136,-2,NaN,NaN,NaN,NaN
139,137,-2,NaN,NaN,NaN,NaN
140,138,-2,NaN,NaN,NaN,NaN
141,139,-2,NaN,NaN,NaN,NaN
142,140,-2,NaN,NaN,NaN,NaN
143,141,-2,NaN,NaN,NaN,NaN
144,142,-2,NaN,NaN,NaN,NaN
145,143,-2,NaN,NaN,NaN,NaN
146,144,-2,NaN,NaN,NaN,NaN
147,145,-2,NaN,NaN,NaN,NaN
148,146,-2,NaN,NaN,NaN,NaN
149,147,-2,NaN,NaN,NaN,NaN
150,148,-2,NaN,NaN,NaN,NaN
151,149,-2,NaN,NaN,NaN,NaN
152,150,-2,NaN,NaN,NaN,NaN
153,151,-2,NaN,NaN,NaN,NaN
154,152,-2,NaN,NaN,NaN,NaN
155,153,-2,NaN,NaN,NaN,NaN
156,154,-2,NaN,NaN,NaN,NaN
157,155,-2,NaN,NaN,NaN,NaN
158,156,-2,NaN,NaN,NaN,NaN
159,157,-2,NaN,NaN,NaN,NaN
160,158,-2,NaN,NaN,NaN,NaN
161,159,-2,NaN,NaN,NaN,NaN
162,160,-2,NaN,NaN,NaN,NaN
163,161,-2,NaN,NaN,NaN,NaN
164,162,-2,NaN,NaN,NaN,NaN
165,163,-2,NaN,NaN,NaN,NaN
166,164,-2,NaN,NaN,NaN,NaN
167,165,-2,NaN,NaN,NaN,NaN
168,166,-2,NaN,NaN,NaN,NaN
169,167,-2,NaN,NaN,NaN,NaN
170,168,-2,NaN,NaN,NaN,NaN
171,169,-2,NaN,NaN,NaN,NaN
172,170,-2,NaN,NaN,NaN,NaN
173,171,-2,NaN,NaN,NaN,NaN
174,172,-2,NaN,NaN,NaN,NaN
175,173,-2,NaN,NaN,NaN,NaN
176,174,-2,NaN,NaN,NaN,NaN
177,175,-2,NaN,NaN,NaN,NaN
178,176,-2,NaN,NaN,NaN,NaN
179,177,-2,NaN,NaN,NaN,NaN
180,178,-2,NaN,NaN,NaN,NaN
181,179,-2,NaN,NaN,NaN,NaN
182,180,-2,NaN,NaN,NaN,NaN
183,181,-2,NaN,NaN,NaN,NaN
184,182,-2,NaN,NaN,NaN,NaN
185,183,-2,NaN,NaN,NaN,NaN
186,184,-2,NaN,NaN,NaN,NaN
187,185,-2,NaN,NaN,NaN,NaN
188,186,-2,NaN,NaN,NaN,NaN
189,187,-2,NaN,NaN,NaN,NaN
190,188,-2,NaN,NaN,NaN,NaN
191,189,-2,NaN,NaN,NaN,NaN
192,190,-2,NaN,NaN,NaN,NaN
193,191,-2,NaN,NaN,NaN,NaN
194,192,-2,NaN,NaN,NaN,NaN
195,193,-2,NaN,NaN,NaN,NaN
196,194,-2,NaN,NaN,NaN,NaN
197,195,-2,NaN,NaN,NaN,NaN
198,196,-2,NaN,NaN,NaN,NaN
199,197,-2,NaN,NaN,NaN,NaN
200,198,-2,NaN,NaN,NaN,NaN
201,199,-2,NaN,NaN,NaN,NaN
202,200,-2,NaN,NaN,NaN,NaN
203,201,-2,NaN,NaN,NaN,NaN
204,202,-2,NaN,NaN,NaN,NaN
205,203,-2,NaN,NaN,NaN,NaN
206,204,-2,NaN,NaN,NaN,NaN
207,205,-2,NaN,NaN,NaN,NaN
208,206,-2,NaN,NaN,NaN,NaN
209,207,-2,NaN,NaN,NaN,NaN
210,208,-2,NaN,NaN,NaN,NaN
211,209,-2,NaN,NaN,NaN,NaN
212,210,-2,NaN,NaN,NaN,NaN
213,211,-2,NaN,NaN,NaN,NaN
214,212,-2,NaN,NaN,NaN,NaN
215,213,-2,NaN,NaN,NaN,NaN
216,214,-2,NaN,NaN,NaN,NaN
217,215,-2,NaN,NaN,NaN,NaN
218,216,-2,NaN,NaN,NaN,NaN
219,217,-2,NaN,NaN,NaN,NaN
220,218,-2,NaN,NaN,NaN,NaN
221,219,-2,NaN,NaN,NaN,NaN
222,220,-2,NaN,NaN,NaN,NaN
223,221,-2,NaN,NaN,NaN,NaN
224,222,-2,NaN,NaN,NaN,NaN
225,223,-2,NaN,NaN,NaN,NaN
226,224,-2,NaN,NaN,NaN,NaN
227,225,-2,NaN,NaN,NaN,NaN
228,226,-2,NaN,NaN,NaN,NaN
229,227,-2,NaN,NaN,NaN,NaN
230,228,-2,NaN,NaN,NaN,NaN
231,229,-2,NaN,NaN,NaN,NaN
232,230,-2,NaN,NaN,NaN,NaN
233,231,-2,NaN,NaN,NaN,NaN
234,232,-2,NaN,NaN,NaN,NaN
235,233,-2,NaN,NaN,NaN,NaN
236,234,-2,NaN,NaN,NaN,NaN
237,235,-2,NaN,NaN,NaN,NaN
238,236,-2,NaN,NaN,NaN,NaN
239,237,-2,NaN,NaN,NaN,NaN
240,238,-2,NaN,NaN,NaN,NaN
241,239,-2,NaN,NaN,NaN,NaN
242,240,-2,NaN,NaN,NaN,NaN
243,241,-2,NaN,NaN,NaN,NaN
244,242,-2,NaN,NaN,NaN,NaN
245,243,-2,NaN,NaN,NaN,NaN
246,244,-2,NaN,NaN,NaN,NaN
247,245,-2,NaN,NaN,NaN,NaN
248,246,-2,NaN,NaN,NaN,NaN
249,247,-2,NaN,NaN,NaN,NaN
250,248,-2,NaN,NaN,NaN,NaN
251,249,-2,NaN,NaN,NaN,NaN
252,250,-2,NaN,NaN,NaN,NaN
253,251,-2,NaN,NaN,NaN,NaN
254,252,-2,NaN,NaN,NaN,NaN
255,253,-2,NaN,NaN,NaN,NaN
256,254,-2,NaN,NaN,NaN,NaN
257,255,-2,NaN,NaN,NaN,NaN
258,256,-2,NaN,NaN,NaN,NaN
259,257,-2,NaN,NaN,NaN,NaN
260,258,-2,NaN,NaN,NaN,NaN
261,259,-2,NaN,NaN,NaN,NaN
262,260,-2,NaN,NaN,NaN,NaN
263,261,-2,NaN,NaN,NaN,NaN
264,262,-2,NaN,NaN,NaN,NaN
265,263,-2,NaN,NaN,NaN,NaN
266,264,-2,NaN,NaN,NaN,NaN
267,265,-2,NaN,NaN,NaN,NaN
268,266,-2,NaN,NaN,NaN,NaN
269,267,-2,NaN,NaN,NaN,NaN
270,268,-2,NaN,NaN,NaN,NaN
271,269,-2,NaN,NaN,NaN,NaN
272,270,-2,NaN,NaN,NaN,NaN
273,271,-2,NaN,NaN,NaN,NaN
274,272,-2,NaN,NaN,NaN,NaN
275,273,-2,NaN,NaN,NaN,NaN
276,274,-2,NaN,NaN,NaN,NaN
277,275,-2,NaN,NaN,NaN,NaN
278,276,-2,NaN,NaN,NaN,NaN
279,277,-2,NaN,NaN,NaN,NaN
280,278,-2,NaN,NaN,NaN,NaN
281,279,-2,NaN,NaN,NaN,NaN
282,280,-2,NaN,NaN,NaN,NaN
283,281,-2,NaN,NaN,NaN,NaN
284,282,-2,NaN,NaN,NaN,NaN
285,283,-2,NaN,NaN,NaN,NaN
286,284,-2,NaN,NaN,NaN,NaN
287,285,-2,NaN,NaN,NaN,NaN
288,286,-2,NaN,NaN,NaN,NaN
289,287,-2,NaN,NaN,NaN,NaN
290,288,-2,NaN,NaN,NaN,NaN
291,289,-2,NaN,NaN,NaN,NaN
292,290,-2,NaN,NaN,NaN,NaN
293,291,-2,NaN,NaN,NaN,NaN
294,292,-2,NaN,NaN,NaN,NaN
295,293,-2,NaN,NaN,NaN,NaN
296,294,-2,NaN,NaN,NaN,NaN
297,295,-2,NaN,NaN,NaN,NaN
298,296,-2,NaN,NaN,NaN,NaN
299,297,-2,NaN,NaN,NaN,NaN
300,298,-2,NaN,NaN,NaN,NaN
301,299,-2,NaN,NaN,NaN,NaN
302,300,-2,NaN,NaN,NaN,NaN
303,301,-2,NaN,NaN,NaN,NaN
304,302,-2,NaN,NaN,NaN,NaN
305,303,-2,NaN,NaN,NaN,NaN
306,304,-2,NaN,NaN,NaN,NaN
307,305,-2,NaN,NaN,NaN,NaN
308,306,-2,NaN,NaN,NaN,NaN
309,307,-2,NaN,NaN,NaN,NaN
310,308,-2,NaN,NaN,NaN,NaN
311,309,-2,NaN,NaN,NaN,NaN
312,310,-2,NaN,NaN,NaN,NaN
313,311,-2,NaN,NaN,NaN,NaN
314,312,-2,NaN,NaN,NaN,NaN
315,313,-2,NaN,NaN,NaN,NaN
316,314,-2,NaN,NaN,NaN,NaN
317,315,-2,NaN,NaN,NaN,NaN
318,316,-2,NaN,NaN,NaN,NaN
319,317,-2,NaN,NaN,NaN,NaN
320,318,-2,NaN,NaN,NaN,NaN
321,319,-2,NaN,NaN,NaN,NaN
322,320,-2,NaN,NaN,NaN,NaN
323,321,-2,NaN,NaN,NaN,NaN
324,322,-2,NaN,NaN,NaN,NaN
325,323,-2,NaN,NaN,NaN,NaN
326,324,-2,NaN,NaN,NaN,NaN
327,325,-2,NaN,NaN,NaN,NaN
328,326,-2,NaN,NaN,NaN,NaN
329,327,-2,NaN,NaN,NaN,NaN
330,328,-2,NaN,NaN,NaN,NaN
331,329,-2,NaN,NaN,NaN,NaN
332,330,-2,NaN,NaN,NaN,NaN
333,331,-2,NaN,NaN,NaN,NaN
334,332,-2,NaN,NaN,NaN,NaN
335,333,-2,NaN,NaN,NaN,NaN
336,334,-2,NaN,NaN,NaN,NaN
337,335,-2,NaN,NaN,NaN,NaN
338,336,-2,NaN,NaN,NaN,NaN
339,337,-2,NaN,NaN,NaN,NaN
340,338,-2,NaN,NaN,NaN,NaN
341,339,-2,NaN,NaN,NaN,NaN
342,340,-2,NaN,NaN,NaN,NaN
343,341,-2,NaN,NaN,NaN,NaN
344,342,-2,NaN,NaN,NaN,NaN
345,343,-2,NaN,NaN,NaN,NaN
346,344,-2,NaN,NaN,NaN,NaN
347,345,-2,NaN,NaN,NaN,NaN
348,346,-2,NaN,NaN,NaN,NaN
349,347,-2,NaN,NaN,NaN,NaN
350,348,-2,NaN,NaN,NaN,NaN
351,349,-2,NaN,NaN,NaN,NaN
352,350,-2,NaN,NaN,NaN,NaN
353,351,-2,NaN,NaN,NaN,NaN
354,352,-2,NaN,NaN,NaN,NaN
355,353,-2,NaN,NaN,NaN,NaN
356,354,-2,NaN,NaN,NaN,NaN
357,355,-2,NaN,NaN,NaN,NaN
358,356,-2,NaN,NaN,NaN,NaN
359,357,-2,NaN,NaN,NaN,NaN
360,358,-2,NaN,NaN,NaN,NaN
361,359,-2,NaN,NaN,NaN,NaN
362,360,-2,NaN,NaN,NaN,NaN
363,361,-2,NaN,NaN,NaN,NaN
364,362,-2,NaN,NaN,NaN,NaN
365,363,-2,NaN,NaN,NaN,NaN
366,364,-2,NaN,NaN,NaN,NaN
367,365,-2,NaN,NaN,NaN,NaN
368,366,-2,NaN,NaN,NaN,NaN
369,367,-2,NaN,NaN,NaN,NaN
370,368,-2,NaN,NaN,NaN,NaN
371,369,-2,NaN,NaN,NaN,NaN
372,370,-2,NaN,NaN,NaN,NaN
373,371,-2,NaN,NaN,NaN,NaN
374,372,-2,NaN,NaN,NaN,NaN
375,373,-2,NaN,NaN,NaN,NaN
376,374,-2,NaN,NaN,NaN,NaN
377,375,-2,NaN,NaN,NaN,NaN
378,376,-2,NaN,NaN,NaN,NaN
379,377,-2,NaN,NaN,NaN,NaN
380,378,-2,NaN,NaN,NaN,NaN
381,379,-2,NaN,NaN,NaN,NaN
382,380,-2,NaN,NaN,NaN,NaN
383,381,-2,NaN,NaN,NaN,NaN
384,382,-2,NaN,NaN,NaN,NaN
385,383,-2,NaN,NaN,NaN,NaN
386,384,-2,NaN,NaN,NaN,NaN
387,385,-2,NaN,NaN,NaN,NaN
388,386,-2,NaN,NaN,NaN,NaN
389,387,-2,NaN,NaN,NaN,NaN
390,388,-2,NaN,NaN,NaN,NaN
391,389,-2,NaN,NaN,NaN,NaN
392,390,-2,NaN,NaN,NaN,NaN
393,391,-2,NaN,NaN,NaN,NaN
394,392,-2,NaN,NaN,NaN,NaN
395,393,-2,NaN,NaN,NaN,NaN
396,394,-2,NaN,NaN,NaN,NaN
397,395,-2,NaN,NaN,NaN,NaN
398,396,-2,NaN,NaN,NaN,NaN
399,397,-2,NaN,NaN,NaN,NaN
400,398,-2,NaN,NaN,NaN,NaN
401,399,-2,NaN,NaN,NaN,NaN
402,400,-2,NaN,NaN,NaN,NaN
403,401,-2,NaN,NaN,NaN,NaN
404,402,-2,NaN,NaN,NaN,NaN
405,403,-2,NaN,NaN,NaN,NaN
406,404,-2,NaN,NaN,NaN,NaN
407,405,-2,NaN,NaN,NaN,NaN
408,406,-2,NaN,NaN,NaN,NaN
409,407,-2,NaN,NaN,NaN,NaN
410,408,-2,NaN,NaN,NaN,NaN
411,409,-2,NaN,NaN,NaN,NaN
412,410,-2,NaN,NaN,NaN,NaN
413,411,-2,NaN,NaN,NaN,NaN
414,412,-2,NaN,NaN,NaN,NaN
415,413,-2,NaN,NaN,NaN,NaN
416,414,-2,NaN,NaN,NaN,NaN
417,415,-2,NaN,NaN,NaN,NaN
418,416,-2,NaN,NaN,NaN,NaN
419,417,-2,NaN,NaN,NaN,NaN
420,418,-2,NaN,NaN,NaN,NaN
421,419,-2,NaN,NaN,NaN,NaN
422,420,-2,NaN,NaN,NaN,NaN
423,421,-2,NaN,NaN,NaN,NaN
424,422,-2,NaN,NaN,NaN,NaN
425,423,-2,NaN,NaN,NaN,NaN
426,424,-2,NaN,NaN,NaN,NaN
427,425,-2,NaN,NaN,NaN,NaN
428,426,-2,NaN,NaN,NaN,NaN
429,427,-2,NaN,NaN,NaN,NaN
430,428,-2,NaN,NaN,NaN,NaN
431,429,-2,NaN,NaN,NaN,NaN
432,430,-2,NaN,NaN,NaN,NaN
433,431,-2,NaN,NaN,NaN,NaN
434,432,-2,NaN,NaN,NaN,NaN
435,433,-2,NaN,NaN,NaN,NaN
436,434,-2,NaN,NaN,NaN,NaN
437,435,-2,NaN,NaN,NaN,NaN
438,436,-2,NaN,NaN,NaN,NaN
439,437,-2,NaN,NaN,NaN,NaN
440,438,-2,NaN,NaN,NaN,NaN
441,439,-2,NaN,NaN,NaN,NaN
442,440,-2,NaN,NaN,NaN,NaN
443,441,-2,NaN,NaN,NaN,NaN
444,442,-2,NaN,NaN,NaN,NaN
445,443,-2,NaN,NaN,NaN,NaN
446,444,-2,NaN,NaN,NaN,NaN
447,445,-2,NaN,NaN,NaN,NaN
448,446,-2,NaN,NaN,NaN,NaN
449,447,-2,NaN,NaN,NaN,NaN
450,448,-2,NaN,NaN,NaN,NaN
451,449,-2,NaN,NaN,NaN,NaN
452,450,-2,NaN,NaN,NaN,NaN
453,451,-2,NaN,NaN,NaN,NaN
454,452,-2,NaN,NaN,NaN,NaN
455,453,-2,NaN,NaN,NaN,NaN
456,454,-2,NaN,NaN,NaN,NaN
457,455,-2,NaN,NaN,NaN,NaN
458,456,-2,NaN,NaN,NaN,NaN
459,457,-2,NaN,NaN,NaN,NaN
460,458,-2,NaN,NaN,NaN,NaN
461,459,-2,NaN,NaN,NaN,NaN
462,460,-2,NaN,NaN,NaN,NaN
463,461,-2,NaN,NaN,NaN,NaN
464,462,-2,NaN,NaN,NaN,NaN
465,463,-2,NaN,NaN,NaN,NaN
466,464,-2,NaN,NaN,NaN,NaN
467,465,-2,NaN,NaN,NaN,NaN
468,466,-2,NaN,NaN,NaN,NaN
469,467,-2,NaN,NaN,NaN,NaN
470,468,-2,NaN,NaN,NaN,NaN
471,469,-2,NaN,NaN,NaN,NaN
472,470,-2,NaN,NaN,NaN,NaN
473,471,-2,NaN,NaN,NaN,NaN
474,472,-2,NaN,NaN,NaN,NaN
475,473,-2,NaN,NaN,NaN,NaN
476,474,-2,NaN,NaN,NaN,NaN
477,475,-2,NaN,NaN,NaN,NaN
478,476,-2,NaN,NaN,NaN,NaN
479,477,-2,NaN,NaN,NaN,NaN
480,478,-2,NaN,NaN,NaN,NaN
481,479,-2,NaN,NaN,NaN,NaN
482,480,-2,NaN,NaN,NaN,NaN
483,481,-2,NaN,NaN,NaN,NaN
484,482,-2,NaN,NaN,NaN,NaN
485,483,-2,NaN,NaN,NaN,NaN
486,484,-2,NaN,NaN,NaN,NaN
487,485,-2,NaN,NaN,NaN,NaN
488,486,-2,NaN,NaN,NaN,NaN
489,487,-2,NaN,NaN,NaN,NaN
490,488,-2,NaN,NaN,NaN,NaN
491,489,-2,NaN,NaN,NaN,NaN
492,490,-2,NaN,NaN,NaN,NaN
493,491,-2,NaN,NaN,NaN,NaN
494,492,-2,NaN,NaN,NaN,NaN
495,493,-2,NaN,NaN,NaN,NaN
496,493,-1,NaN,NaN,NaN,NaN
497,493,0,12.2658935401989,76.2177132077499,862.06946,201.2268
498,493,1,12.2657691959118,76.2176880212436,670.2537,351.47964
499,493,2,12.2656448516246,76.2176628347374,235.77592,581.30975
500,493,3,12.2655205073374,76.2176376482312,-268.4648,631.792
501,493,4,12.2653961630502,76.217612461725,-665.2389,610.0564
502,493,5,12.265271818763,76.2175872752187,-1277.5537,1213.3292
503,493,6,12.2651474744758,76.2175620887125,-2022.2556,1369.5901
504,493,7,12.2650231301886,76.2175369022063,-2426.6963,1208.2554
505,493,8,12.2648987859014,76.2175117157,-2358.0222,1001.12616
506,493,9,12.2647744416142,76.2174865291938,-1835.1981,1053.6323
507,493,10,12.264650097327,76.2174613426876,-1514.0648,889.6053
508,493,11,12.2645257530398,76.2174361561813,-999.18335,808.94165
509,493,12,12.2644014087526,76.2174109696751,-644.3129,509.91675
510,493,13,12.2642770644654,76.2173857831688,-581.4778,466.19147
511,493,14,12.2641527201783,76.2173605966626,-856.75183,444.11377
512,493,15,12.2640283758911,76.2173354101563,-1033.476,345.6067
513,493,16,12.2639040316039,76.2173102236501,-876.89813,420.3571
514,493,17,12.2637796873167,76.2172850371438,-459.92963,516.61127
515,493,18,12.2636553430295,76.2172598506375,-255.77222,334.68216
516,493,19,12.2635309987423,76.2172346641313,-91.35371,334.993
517,493,20,12.2634066544551,76.217209477625,-83.56852,308.77957
518,493,21,12.2632823101679,76.2171842911187,56.588886,269.12735
519,493,22,12.2631579658807,76.2171591046124,-94.73889,338.90396
520,493,23,12.2630336215935,76.2171339181062,-163.12038,292.7244
521,493,24,12.2629092773063,76.2171087315999,-544.8778,811.26276
522,493,25,12.2627849330191,76.2170835450936,-718.8185,1114.4447
523,493,26,12.2626605887319,76.2170583585873,-1155.4259,1229.3295
524,493,27,12.2625362444448,76.217033172081,-1010.50366,1314.804
525,493,28,12.2624119001576,76.2170079855747,-876.6111,1234.918
526,493,29,12.2622875558704,76.2169827990684,-725.1852,1124.3894
527,493,30,12.2621632115832,76.2169576125622,-761.3204,1081.0946
528,493,31,12.262038867296,76.2169324260559,-494.2926,1259.943
529,493,32,12.2619145230088,76.2169072395496,-0.5611064,1136.0095
530,493,33,12.2617901787216,76.2168820530432,266.29816,770.80115
531,493,34,12.2616658344344,76.2168568665369,262.90558,426.33633
532,493,35,12.2615414901472,76.2168316800307,114.23704,547.333
533,493,36,12.26141714586,76.2168064935243,-2.162963,528.1053
534,493,37,12.2612928015728,76.216781307018,-361.5685,673.5334
535,493,38,12.2611684572856,76.2167561205117,-720.57965,585.4632
536,493,39,12.2610441129985,76.2167309340054,-821.9778,674.87964
537,493,40,12.2609197687113,76.2167057474991,-345.80185,1116.9204
538,493,41,12.2607954244241,76.2166805609927,359.1111,1259.9336
539,493,42,12.2606710801369,76.2166553744864,785.9963,1037.3461
540,493,43,12.2605467358497,76.2166301879801,830.5722,833.11707
541,493,44,12.2604223915625,76.2166050014738,657.7389,527.83466
542,493,45,12.2602980472753,76.2165798149674,105.81297,1001.11676
543,493,46,12.2601737029881,76.2165546284611,-209.8574,1206.8397
544,493,47,12.2600493587009,76.2165294419547,-591.7889,1079.3678
545,493,48,12.2599250144137,76.2165042554484,-622.3426,990.7603
546,493,49,12.2598006701265,76.2164790689421,-777.9389,561.90784
547,493,50,12.2596763258393,76.2164538824357,-841.6852,570.4988
548,493,51,12.2595519815521,76.2164286959294,-499.2463,644.24725
549,493,52,12.259427637265,76.216403509423,-684.27594,705.24994
550,493,53,12.2593032929778,76.2163783229167,-764.6037,740.71204
551,493,54,12.2591789486906,76.2163531364103,-1106.9093,362.60483
552,493,55,12.2590546044034,76.216327949904,-796.4074,912.899
553,493,56,12.2589302601162,76.2163027633976,-360.9148,984.0283
554,493,57,12.258805915829,76.2162775768913,-8.149995,892.15753
555,493,58,12.2586815715418,76.2162523903849,83.81667,340.3228
556,493,59,12.2585572272546,76.2162272038785,200.61667,421.4363
557,493,60,12.2584328829674,76.2162020173722,409.37964,433.90564
558,493,61,12.2583085386802,76.2161768308658,574.09814,271.16168
559,493,62,12.258184194393,76.2161516443594,350.7296,406.40857
560,493,63,12.2580598501058,76.2161264578531,242.53703,315.5455
561,493,64,12.2579355058186,76.2161012713467,-295.71667,757.57605
562,493,65,12.2578111615315,76.2160760848403,-669.4667,855.87665
563,493,66,12.2576868172443,76.2160508983339,-1230.9556,405.9959
564,493,67,12.2575624729571,76.2160257118275,-1316.1462,336.67328
565,493,68,12.2574381286699,76.2160005253211,-1416.6149,295.44833
566,493,69,12.2573137843827,76.2159753388148,-1491.189,276.9699
567,493,70,12.2571894400955,76.2159501523084,-1367.7686,358.2378
568,493,71,12.2570650958083,76.215924965802,-1065.7167,487.6755
569,493,72,12.2569407515211,76.2158997792956,-445.21667,665.77844
570,493,73,12.2568164072339,76.2158745927892,221.4037,811.1501
571,493,74,12.2566920629467,76.2158494062828,749.88336,566.225
572,493,75,12.2565677186595,76.2158242197764,1017.96295,408.98486
573,493,76,12.2564433743723,76.21579903327,725.9537,524.56836
574,493,77,12.2563190300852,76.2157738467636,-31.46667,1061.5807
575,493,78,12.256194685798,76.2157486602572,-383.1537,747.2076
576,493,79,12.2560703415108,76.2157234737508,-829.0241,790.2902
577,493,80,12.2559459972236,76.2156982872444,-653.3204,764.83734
578,493,81,12.2558216529364,76.215673100738,-96.346306,1525.1268
579,493,82,12.2556973086492,76.2156479142315,806.66113,1305.7513
580,493,83,12.255572964362,76.2156227277251,1476.2334,555.713
581,493,84,12.2554486200748,76.2155975412187,1238.5834,396.8786
582,493,85,12.2553242757876,76.2155723547123,986.72406,411.37637
583,493,86,12.2551999315004,76.2155471682059,682.53705,458.1939
584,493,87,12.2550755872132,76.2155219816994,392.12595,481.64038
585,493,88,12.254951242926,76.215496795193,19.490747,582.0467
586,493,89,12.2548268986388,76.2154716086866,31.588898,820.03485
587,493,90,12.2547025543517,76.2154464221802,683.4093,1592.2998
588,493,91,12.2545782100645,76.2154212356737,1329.8907,1473.4883
589,493,92,12.2544538657773,76.2153960491673,1494.7074,1319.1295
590,493,93,12.2543295214901,76.2153708626608,900.66296,948.0682
591,493,94,12.2542051772029,76.2153456761544,618.70184,584.35724
592,493,95,12.2540808329157,76.215320489648,565.57965,503.0506
593,493,96,12.2539564886285,76.2152953031415,742.25,509.2187
594,493,97,12.2538321443413,76.2152701166351,-85.19444,1415.2189
595,493,98,12.2537078000541,76.2152449301286,-589.56665,1284.4357
596,493,99,12.2535834557669,76.2152197436222,-889.363,1112.336
597,493,100,12.2534591114797,76.2151945571158,-390.10184,882.536
598,493,101,12.2533347671925,76.2151693706093,80.69446,1053.5541
599,493,102,12.2532104229053,76.2151441841028,380.46295,972.7411
600,493,103,12.2530860786182,76.2151189975964,399.17038,996.2589
601,493,104,12.252961734331,76.2150938110899,32.594444,890.6496
602,493,105,12.2528373900438,76.2150686245835,-538.4778,579.685
603,493,106,12.2527130457566,76.215043438077,-489.32407,639.15424
604,493,107,12.2525887014694,76.2150182515705,-93.24815,839.9073
605,493,108,12.2524643571822,76.2149930650641,620.09625,811.3788
606,493,109,12.252340012895,76.2149678785576,1053.3647,427.37552
607,493,110,12.2522156686078,76.2149426920512,1216.8407,305.39258
608,493,111,12.2520913243206,76.2149175055447,907.12036,494.85672
609,493,112,12.2519669800334,76.2148923190382,584.46295,519.5283
610,493,113,12.2518426357462,76.2148671325317,-42.29815,597.2775
611,493,114,12.251718291459,76.2148419460253,-346.22778,621.4354
612,493,115,12.2515939471719,76.2148167595188,-588.0704,522.8505
613,493,116,12.2514696028847,76.2147915730123,-568.2074,440.66025
614,493,117,12.2513452585975,76.2147663865058,-498.18332,442.3668
615,493,118,12.2512209143103,76.2147411999994,-234.06296,527.71985
616,493,119,12.2510965700231,76.2147160134929,86.12038,525.94763
617,493,120,12.2509722257359,76.2146908269864,286.66296,328.52448
618,493,121,12.2508478814487,76.2146656404799,418.84628,376.58792
619,493,122,12.2507235371615,76.2146404539734,436.8074,342.4603
620,493,123,12.2505991928743,76.2146152674669,432.7241,412.13043
621,493,124,12.2504748485871,76.2145900809604,350.45926,379.4408
622,493,125,12.2503505042999,76.2145648944539,337.05002,346.17444
623,493,126,12.2502261600127,76.2145397079474,293.92963,200.23581
624,493,127,12.2501018157255,76.2145145214409,241.06111,162.05281
625,493,128,12.2499774714384,76.2144893349344,192.48703,118.66891
626,493,129,12.2498531271512,76.2144641484279,109.16369,241.73756
627,493,130,12.249728782864,76.2144389619214,-21.00218,231.30817
628,493,131,12.2496044385768,76.2144137754149,-113.13922,173.19955
629,493,132,12.2494800942896,76.2143885889084,-142.17328,200.38063
630,493,133,12.2493557500024,76.2143634024019,-193.73705,287.00543
631,493,134,12.2492314057152,76.2143382158954,-116.30185,333.69104
632,493,135,12.249107061428,76.2143130293889,-169.87407,368.74234
633,493,136,12.2489827171408,76.2142878428824,-400.3852,528.8094
634,493,137,12.2488583728536,76.2142626563759,-790.8852,383.40814
635,493,138,12.2487340285664,76.2142374698694,-995.6055,175.44176
636,493,139,12.2486096842792,76.2142122833629,-765.10925,423.89328
637,493,140,12.2484853399921,76.2141870968563,-723.12036,394.4913
638,493,141,12.2483609957049,76.2141619103498,-676.62775,471.95834
639,493,142,12.2482366514177,76.2141367238433,-775.7551,592.28564
640,493,143,12.2481123071305,76.2141115373368,-619.94586,598.6356
641,493,144,12.2479879628433,76.2140863508303,-532.4922,499.79712
642,493,145,12.2478636185561,76.2140611643237,-627.4592,305.80072
643,493,146,12.2477392742689,76.2140359778172,-657.9259,325.89536
644,493,147,12.2476149299817,76.2140107913107,-625.0518,310.69592
645,493,148,12.2474905856945,76.2139856048042,-237.82037,467.0059
646,493,149,12.2473662414073,76.2139604182976,187.26111,591.0434
647,493,150,12.2472418971201,76.2139352317911,605.9,314.8658
648,493,151,12.2471175528329,76.2139100452846,640.1389,230.69473
649,493,152,12.2469932085457,76.213884858778,357.58517,370.12656
650,493,153,12.2468688642586,76.2138596722715,144.21666,345.13382
651,493,154,12.2467445199714,76.213834485765,-124.73703,371.85413
652,493,155,12.2466201756842,76.2138092992584,-344.6037,489.88278
653,493,156,12.246495831397,76.2137841127519,-503.56113,348.28696
654,493,157,12.2463714871098,76.2137589262454,-383.40372,492.08337
655,493,158,12.2462471428226,76.2137337397388,-334.48148,637.6573
656,493,159,12.2461227985354,76.2137085532323,-496.94446,740.14355
657,493,160,12.2459984542482,76.2136833667257,-404.14813,819.78253
658,493,161,12.245874109961,76.2136581802192,-51.000004,877.08356
659,493,162,12.2457497656738,76.2136329937127,395.34445,601.31244
660,493,163,12.2456254213866,76.2136078072061,316.06482,569.3447
661,493,164,12.2455010770994,76.2135826206996,184.83517,480.14194
662,493,165,12.2453767328122,76.213557434193,-102.103714,519.15564
663,493,166,12.2452523885251,76.2135322476864,-163.09631,609.31573
664,493,167,12.2451280442379,76.2135070611799,-108.251854,621.4618
665,493,168,12.2450036999507,76.2134818746733,573.4352,1011.2759
666,493,169,12.2448793556635,76.2134566881668,1101.3334,909.4553
667,493,170,12.2447550113763,76.2134315016602,1224.7611,952.95294
668,493,171,12.2446306670891,76.2134063151537,715.2648,1008.2129
669,493,172,12.2445063228019,76.2133811286471,691.16296,911.63983
670,493,173,12.2443819785147,76.2133559421406,465.41296,800.6124
671,493,174,12.2442576342275,76.213330755634,366.40186,755.0612
672,493,175,12.2441332899403,76.2133055691274,625.7833,1123.9287
673,493,176,12.2440089456531,76.2132803826209,1401.5927,1200.3167
674,493,177,12.2438846013659,76.2132551961143,1860.5704,559.2726
675,493,178,12.2437602570788,76.2132300096077,1587.3481,565.96857
676,493,179,12.2436359127916,76.2132048231012,1337.65,265.70203
677,493,180,12.2435115685044,76.2131796365946,1215.0333,382.8453
678,493,181,12.2433872242172,76.213154450088,863.15,602.6991
679,493,182,12.24326287993,76.2131292635815,24.033333,853.93835
680,493,183,12.2431385356428,76.2131040770749,-514.1667,634.5411
681,493,184,12.2430141913556,76.2130788905683,-652.73334,571.7542
682,493,185,12.2428898470684,76.2130537040617,-515.9926,901.399
683,493,186,12.2427655027812,76.2130285175552,-328.6889,926.6262
684,493,187,12.242641158494,76.2130033310486,-295.90372,982.7344
685,493,188,12.2425168142068,76.212978144542,-110.7963,805.5609
686,493,189,12.2423924699196,76.2129529580355,47.88703,805.8236
687,493,190,12.2422681256324,76.2129277715289,213.0074,702.7727
688,493,191,12.2421437813453,76.2129025850223,305.60556,433.1631
689,493,192,12.2420194370581,76.2128773985157,33.916656,620.7003
690,493,193,12.2418950927709,76.2128522120091,-212.97409,558.85895
691,493,194,12.2417707484837,76.2128270255025,-669.6278,549.96234
692,493,195,12.2416464041965,76.212801838996,-665.6963,478.98245
693,493,196,12.2415220599093,76.2127766524894,-749.51666,414.04065
694,493,197,12.2413977156221,76.2127514659828,-819.39075,523.62646
695,493,198,12.2412733713349,76.2127262794762,-667.57776,734.12646
696,493,199,12.2411490270477,76.2127010929696,-685.37964,876.0191
697,493,200,12.2410246827605,76.212675906463,-289.78705,699.9024
698,493,201,12.2409003384733,76.2126507199565,212.47408,1089.1906
699,493,202,12.2407759941861,76.2126255334499,566.4889,1011.7437
700,493,203,12.2406516498989,76.2126003469433,864.8685,1011.97327
701,493,204,12.2405273056118,76.2125751604367,356.64816,1203.8695
702,493,205,12.2404029613246,76.2125499739301,306.3389,991.0318
703,493,206,12.2402786170374,76.2125247874235,143.34259,762.454
704,493,207,12.2401542727502,76.2124996009169,231.87964,374.9686
705,493,208,12.240029928463,76.2124744144103,109.07963,447.0399
706,493,209,12.2399055841758,76.2124492279037,126.14444,523.1545
707,493,210,12.2397812398886,76.2124240413971,33.140736,448.5242
708,493,211,12.2396568956014,76.2123988548905,-150.61296,626.0563
709,493,212,12.2395325513142,76.2123736683839,-513.9722,547.9145
710,493,213,12.239408207027,76.2123484818773,-759.6056,578.88025
711,493,214,12.2392838627398,76.2123232953707,-683.0648,736.21747
712,493,215,12.2391595184526,76.2122981088641,-640.14813,781.2588
713,493,216,12.2390351741655,76.2122729223575,-318.35,1002.8491
714,493,217,12.2389108298783,76.2122477358509,-302.34073,1008.3114
715,493,218,12.2387864855911,76.2122225493443,-5.1574116,946.76495
716,493,219,12.2386621413039,76.2121973628377,198.17407,871.58136
717,493,220,12.2385377970167,76.2121721763311,976.1963,1022.70685
718,493,221,12.2384134527295,76.2121469898245,1699.0055,998.73175
719,493,222,12.2382891084423,76.2121218033179,2069.6648,860.5317
720,493,223,12.2381647641551,76.2120966168113,1985.913,815.4358
721,493,224,12.2380404198679,76.2120714303047,1661.0056,860.78705
722,493,225,12.2379160755807,76.2120462437981,1242.5148,890.69147
723,493,226,12.2377917312935,76.2120210572915,770.1537,866.0082
724,493,227,12.2376673870063,76.2119958707849,214.04816,725.76263
725,493,228,12.2375430427191,76.2119706842783,-234.33147,632.0113
726,493,229,12.237418698432,76.2119454977717,-550.0296,670.711
727,493,230,12.2372943541448,76.2119203112651,-808.57776,684.5879
728,493,231,12.2371700098576,76.2118951247585,-889.3259,693.9074
729,493,232,12.2370456655704,76.2118699382518,-782.3555,613.81244
730,493,233,12.2369213212832,76.2118447517452,-317.25,837.6878
731,493,234,12.236796976996,76.2118195652386,-208.67963,811.4444
732,493,235,12.2366726327088,76.211794378732,-211.07408,793.59985
733,493,236,12.2365482884216,76.2117691922254,-62.400024,1279.7789
734,493,237,12.2364239441344,76.2117440057188,65.25369,1468.3574
735,493,238,12.2362995998472,76.2117188192122,-472.10373,2092.9382
736,493,239,12.23617525556,76.2116936327056,-1215.1204,1802.2606
737,493,240,12.2360509112728,76.2116684461989,-1328.461,1505.8185
738,493,241,12.2359265669857,76.2116432596923,-715.64075,1296.3943
739,493,242,12.2358022226985,76.2116180731857,-329.51297,1165.5791
740,493,243,12.2356778784113,76.2115928866791,248.8889,1398.8236
741,493,244,12.2355535341241,76.2115677001725,939.30005,1423.8057
742,493,245,12.2354291898369,76.2115425136659,1996.6593,1073.0825
743,493,246,12.2353048455497,76.2115173271592,2649.5352,795.95886
744,493,247,12.2351805012625,76.2114921406526,2612.5815,814.6798
745,493,248,12.2350561569753,76.211466954146,1911.8148,1126.8596
746,493,249,12.2349318126881,76.2114417676394,1265.6389,1132.4221
747,493,250,12.2348074684009,76.2114165811328,984.27405,1121.5732
748,493,251,12.2346831241137,76.2113913946261,1224.437,1210.053
749,493,252,12.2345587798265,76.2113662081195,876.6222,984.10504
750,493,253,12.2344344355393,76.2113410216129,578.1222,902.40906
751,493,254,12.2343100912522,76.2113158351063,238.5537,270.1344
752,493,255,12.234185746965,76.2112906485997,207.9037,300.26147
753,493,256,12.2340614026778,76.211265462093,188.68704,310.4116
754,493,257,12.2339370583906,76.2112402755864,230.50926,385.1691
755,493,258,12.2338127141034,76.2112150890798,735.2611,958.9223
756,493,259,12.2336883698162,76.2111899025732,852.74817,1338.2646
757,493,260,12.233564025529,76.2111647160665,276.76297,1830.0051
758,493,261,12.2334396812418,76.2111395295599,-647.1796,1584.3882
759,493,262,12.2333153369546,76.2111143430533,-1151.4703,985.7758
760,493,263,12.2331909926674,76.2110891565467,-1239.9982,687.8888
761,493,264,12.2330666483802,76.21106397004,-906.51294,695.95465
762,493,265,12.232942304093,76.2110387835334,-72.022224,1352.7606
763,493,266,12.2328179598058,76.2110135970268,639.34625,1067.3396
764,493,267,12.2326936155187,76.2109884105202,931.40186,1073.6875
765,493,268,12.2325692712315,76.2109632240136,827.3759,1031.6827
766,493,269,12.2324449269443,76.2109380375069,886.28705,922.11646
767,493,270,12.2323205826571,76.2109128510003,1170.4166,763.8379
768,493,271,12.2321962383699,76.2108876644937,1066.6945,660.9467
769,493,272,12.2320718940827,76.210862477987,973.3945,675.09265
770,493,273,12.2319475497955,76.2108372914804,448.74258,626.0805
771,493,274,12.2318232055083,76.2108121049738,218.86852,767.89923
772,493,275,12.2316988612211,76.2107869184672,-17.390757,908.6454
773,493,276,12.2315745169339,76.2107617319605,140.39627,1125.8517
774,493,277,12.2314501726467,76.2107365454539,698.2315,1268.208
775,493,278,12.2313258283595,76.2107113589473,1363.6149,1095.6595
776,493,279,12.2312014840724,76.2106861724407,1567.6222,655.74554
777,493,280,12.2310771397852,76.210660985934,1372.3167,920.608
778,493,281,12.230952795498,76.2106357994274,918.35187,781.08356
779,493,282,12.2308284512108,76.2106106129208,755.40924,740.5965
780,493,283,12.2307041069236,76.2105854264142,621.9611,141.71178
781,493,284,12.2305797626364,76.2105602399075,302.61667,652.73694
782,493,285,12.2304554183492,76.2105350534009,13.320369,786.83575
783,493,286,12.230331074062,76.2105098668943,-357.61853,1031.7511
784,493,287,12.2302067297748,76.2104846803877,-644.5815,1098.469
785,493,288,12.2300823854876,76.210459493881,-1329.7981,1408.7764
786,493,289,12.2299580412004,76.2104343073744,-2058.1313,1081.3912
787,493,290,12.2298336969132,76.2104091208678,-2052.3057,1033.6151
788,493,291,12.229709352626,76.2103839343611,-955.7185,1648.6854
789,493,292,12.2295850083389,76.2103587478545,204.6926,1173.834
790,493,293,12.2294606640517,76.2103335613479,678.6259,611.0858
791,493,294,12.2293363197645,76.2103083748412,901.59814,667.3322
792,493,295,12.2292119754773,76.2102831883346,1087.5778,832.3855
793,493,296,12.2290876311901,76.210258001828,1379.5612,605.22986
794,493,297,12.2289632869029,76.2102328153214,1075.9388,684.0252
795,493,298,12.2288389426157,76.2102076288147,737.7463,497.7806
796,493,299,12.2287145983285,76.2101824423081,463.3426,415.672
797,493,300,12.2285902540413,76.2101572558015,469.48148,482.55148
798,493,301,12.2284659097541,76.2101320692949,564.9204,832.80273
799,493,302,12.2283415654669,76.2101068827882,1043.9778,1128.911
800,493,303,12.2282172211797,76.2100816962816,1347.9519,1064.0765
801,493,304,12.2280928768925,76.210056509775,1394.1759,751.5789
802,493,305,12.2279685326054,76.2100313232683,893.41296,656.4238
803,493,306,12.2278441883182,76.2100061367617,272.85187,647.4205
804,493,307,12.227719844031,76.2099809502551,-128.47778,468.0707
805,493,308,12.2275954997438,76.2099557637485,-812.46295,842.50385
806,493,309,12.2274711554566,76.2099305772418,-1338.9388,865.3937
807,493,310,12.2273468111694,76.2099053907352,-1972.961,518.32074
808,493,311,12.2272224668822,76.2098802042286,-2112.4778,568.0048
809,493,312,12.227098122595,76.209855017722,-1910.1704,753.5743
810,493,313,12.2269737783078,76.2098298312153,-1501.0981,805.25446
811,493,314,12.2268494340206,76.2098046447087,-830.9778,966.92957
812,493,315,12.2267250897334,76.2097794582021,63.025917,1388.6293
813,493,316,12.2266007454462,76.2097542716955,668.0944,1273.7478
814,493,317,12.2264764011591,76.2097290851888,943.72217,1227.5651
815,493,318,12.2263520568719,76.2097038986822,954.60736,1422.6012
816,493,319,12.2262277125847,76.2096787121756,268.99814,1734.7744
817,493,320,12.2261033682975,76.209653525669,-593.5759,1824.293
818,493,321,12.2259790240103,76.2096283391623,-1759.6038,675.73706
819,493,322,12.2258546797231,76.2096031526557,-2460.439,862.9949
820,493,323,12.2257303354359,76.2095779661491,-3048.0981,1272.8604
821,493,324,12.2256059911487,76.2095527796425,-2976.6555,1406.2224
822,493,325,12.2254816468615,76.2095275931358,-1818.2,1988.9253
823,493,326,12.2253573025743,76.2095024066292,-1069.463,1227.9933
824,493,327,12.2252329582871,76.2094772201226,-434.67407,1029.3635
825,493,328,12.2251086139999,76.209452033616,-421.42776,1189.2786
826,493,329,12.2249842697127,76.2094268471094,-18.514814,815.1616
827,493,330,12.2248599254256,76.2094016606028,-162.35556,836.4463
828,493,331,12.2247355811384,76.2093764740961,-421.75186,551.99335
829,493,332,12.2246112368512,76.2093512875895,-491.8648,404.0043
830,493,333,12.224486892564,76.2093261010829,-252.47778,566.42163
831,493,334,12.2243625482768,76.2093009145763,141.21295,623.74774
832,493,335,12.2242382039896,76.2092757280696,155.22408,748.22687
833,493,336,12.2241138597024,76.209250541563,-458.9852,1122.3503
834,493,337,12.2239895154152,76.2092253550564,-284.07224,1322.4192
835,493,338,12.223865171128,76.2092001685498,1449.3685,2759.0164
836,493,339,12.2237408268408,76.2091749820432,3685.5037,1972.0077
837,493,340,12.2236164825536,76.2091497955365,4294.2686,1085.8246
838,493,341,12.2234921382664,76.2091246090299,3097.6667,1789.5963
839,493,342,12.2233677939792,76.2090994225233,2049.9907,906.5545
840,493,343,12.2232434496921,76.2090742360167,1672.9926,605.5891
841,493,344,12.2231191054049,76.2090490495101,1931.0555,402.19043
842,493,345,12.2229947611177,76.2090238630035,1916.8167,249.20108
843,493,346,12.2228704168305,76.2089986764969,2232.8167,491.9204
844,493,347,12.2227460725433,76.2089734899903,2093.35,686.905
845,493,348,12.2226217282561,76.2089483034836,1512.6981,1161.9393
846,493,349,12.2224973839689,76.208923116977,1032.9204,776.6613
847,493,350,12.2223730396817,76.2088979304704,624.46484,710.26166
848,493,351,12.2222486953945,76.2088727439638,610.9296,720.4487
849,493,352,12.2221243511073,76.2088475574572,67.0037,520.993
850,493,353,12.2220000068201,76.2088223709506,-283.36853,670.12054
851,493,354,12.2218756625329,76.208797184444,-668.6352,686.1913
852,493,355,12.2217513182458,76.2087719979374,-976.5333,673.1311
853,493,356,12.2216269739586,76.2087468114308,-528.53705,1135.5034
854,493,357,12.2215026296714,76.2087216249242,148.48703,1260.5837
855,493,358,12.2213782853842,76.2086964384175,697.9722,714.41473
856,493,359,12.221253941097,76.2086712519109,660.93146,670.381
857,493,360,12.2211295968098,76.2086460654043,300.36853,584.0589
858,493,361,12.2210052525226,76.2086208788977,-203.91112,892.1536
859,493,362,12.2208810363,76.2085957136335,-576.2574,1011.60345
860,493,363,12.2207568749909,76.2085705574778,-980.3352,1467.0343
861,493,364,12.2206327136818,76.2085454013222,-579.30927,1648.2185
862,493,365,12.2205085523727,76.2085202451665,-603.62036,1564.4403
863,493,366,12.2203843910636,76.2084950890109,-806.5944,1244.8921
864,493,367,12.2202602297545,76.2084699328552,-1314.0352,913.2862
865,493,368,12.2201360684455,76.2084447766996,-907.787,1170.5359
866,493,369,12.2200119071364,76.2084196205439,-897.79626,1137.451
867,493,370,12.2198877458273,76.2083944643883,-499.67038,1099.1572
868,493,371,12.2197635845182,76.2083693082326,-740.2315,885.27124
869,493,372,12.2196394232091,76.208344152077,-83.864815,573.39
870,493,373,12.2195152619,76.2083189959213,52.43148,441.7426
871,493,374,12.2193911005909,76.2082938397657,262.26297,363.87238
872,493,375,12.2192669392818,76.20826868361,583.41296,468.18848
873,493,376,12.2191427779728,76.2082435274544,1197.0204,749.8743
874,493,377,12.2190186166637,76.2082183712988,1630.1573,549.696
875,493,378,12.2188944553546,76.2081932151431,1399.1888,829.59406
876,493,379,12.2187702940455,76.2081680589875,1107.7686,687.9005
877,493,380,12.2186461327364,76.2081429028318,773.1241,470.065
878,493,381,12.2185219714273,76.2081177466762,559.5704,699.9298
879,493,382,12.2183978101182,76.2080925905205,38.772217,582.24817
880,493,383,12.2182736488091,76.2080674343649,-267.9074,318.4009
881,493,384,12.2181494875001,76.2080422782093,-451.82593,413.72913
882,493,385,12.218025326191,76.2080171220536,-163.18147,688.81726
883,493,386,12.2179011648819,76.207991965898,-181.40926,666.4522
884,493,387,12.2177770035728,76.2079668097423,-68.13148,514.8104
885,493,388,12.2176528422637,76.2079416535867,-408.5259,430.31927
886,493,389,12.2175286809546,76.207916497431,-845.1667,991.54877
887,493,390,12.2174045196455,76.2078913412754,-1023.5815,1119.597
888,493,391,12.2172803583364,76.2078661851198,-1277.4,1041.6031
889,493,392,12.2171561970274,76.2078410289641,-455.88705,1287.4661
890,493,393,12.2170320357183,76.2078158728085,-309.02963,1182.2699
891,493,394,12.2169078744092,76.2077907166529,-37.82222,922.151
892,493,395,12.2167837131001,76.2077655604972,-577.8741,821.8516
893,493,396,12.216659551791,76.2077404043416,-929.65924,820.05585
894,493,397,12.2165353904819,76.2077152481859,-1247.274,805.6058
895,493,398,12.2164112291728,76.2076900920303,-1397.0834,648.38416
896,493,399,12.2162870678637,76.2076649358747,-1352.1222,658.4728
897,493,400,12.2161629065547,76.207639779719,-1241.6573,902.9854
898,493,401,12.2160387452456,76.2076146235634,-1097.8538,852.4262
899,493,402,12.2159145839365,76.2075894674078,-997.3111,992.4935
900,493,403,12.2157904226274,76.2075643112521,-809.20557,1095.6628
901,493,404,12.2156662613183,76.2075391550965,-552.7907,1214.3341
902,493,405,12.2155421000092,76.2075139989409,-179.7574,1051.676
903,493,406,12.2154179387001,76.2074888427852,105.72223,641.58136
904,493,407,12.215293777391,76.2074636866296,369.77594,517.91656
905,493,408,12.215169616082,76.207438530474,547.0648,365.16275
906,493,409,12.2150454547729,76.2074133743183,382.17963,624.19763
907,493,410,12.2149212934638,76.2073882181627,297.10556,576.38116
908,493,411,12.2147971321547,76.2073630620071,73.15,631.0432
909,493,412,12.2146729708456,76.2073379058514,-57.412968,807.4825
910,493,413,12.2145488095365,76.2073127496958,-533.00183,782.9198
911,493,414,12.2144246482274,76.2072875935402,-731.9593,748.90314
912,493,415,12.2143004869183,76.2072624373846,-722.013,620.5553
913,493,416,12.2141763256093,76.207237281229,-899.88336,688.4991
914,493,417,12.2140521643002,76.2072121250733,-1117.9019,657.72375
915,493,418,12.2139280029911,76.2071869689177,-1177.9519,615.52295
916,493,419,12.213803841682,76.2071618127621,-757.75555,756.0679
917,493,420,12.2136796803729,76.2071366566065,-557.9704,542.8493
918,493,421,12.2135555190638,76.2071115004508,-550.0426,479.72534
919,493,422,12.2134313577547,76.2070863442952,-362.3926,626.4235
920,493,423,12.2133071964456,76.2070611881396,93.75369,712.055
921,493,424,12.2131830351366,76.207036031984,696.5815,555.6859
922,493,425,12.2130588738275,76.2070108758284,1181.226,757.4711
923,493,426,12.2129347125184,76.2069857196727,1252.4703,871.5269
924,493,427,12.2128105512093,76.2069605635171,966.23706,1059.1221
925,493,428,12.2126863899002,76.2069354073615,419.85184,878.3513
926,493,429,12.2125622285911,76.2069102512059,56.444447,670.25867
927,493,430,12.212438067282,76.2068850950503,-73.35185,961.17285
928,493,431,12.2123139059729,76.2068599388947,83.601845,1184.3918
929,493,432,12.2121897446639,76.2068347827391,456.2148,1180.1968
930,493,433,12.2120655833548,76.2068096265834,1057.6444,855.30884
931,493,434,12.2119414220457,76.2067844704278,1621.3759,722.01276
932,493,435,12.2118172607366,76.2067593142722,1814.063,477.005
933,493,436,12.2116930994275,76.2067341581166,1605.287,638.0388
934,493,437,12.2115689381184,76.206709001961,1006.1463,482.4917
935,493,438,12.2114447768093,76.2066838458054,637.64075,488.6724
936,493,439,12.2113206155002,76.2066586896498,471.18704,410.19266
937,493,440,12.2111964541912,76.2066335334942,544.0389,394.59064
938,493,441,12.2110722928821,76.2066083773386,649.69257,388.15918
939,493,442,12.210948131573,76.206583221183,1063.5408,783.8256
940,493,443,12.2108239702639,76.2065580650274,814.44257,982.80554
941,493,444,12.2106998089548,76.2065329088718,903.4463,959.12177
942,493,445,12.2105756476457,76.2065077527162,539.76855,617.25287
943,493,446,12.2104514863366,76.2064825965606,646.15,476.36456
944,493,447,12.2103273250275,76.206457440405,423.62964,391.8992
945,493,448,12.2102031637185,76.2064322842494,757.5796,803.97876
946,493,449,12.2100790024094,76.2064071280938,860.7259,790.492
947,493,450,12.2099548411003,76.2063819719382,995.2815,725.55804
948,493,451,12.2098306797912,76.2063568157826,884.3778,521.9056
949,493,452,12.2097065184821,76.206331659627,1019.9389,469.4969
950,493,453,12.209582357173,76.2063065034714,843.23517,636.91724
951,493,454,12.2094581958639,76.2062813473158,246.09999,724.9606
952,493,455,12.2093340345548,76.2062561911602,-401.48517,492.17773
953,493,456,12.2092098732458,76.2062310350046,-767.65186,429.6376
954,493,457,12.2090857119367,76.206205878849,-937.96484,374.57925
955,493,458,12.2089615506276,76.2061807226934,-1253.9982,564.1715
956,493,459,12.2088373893185,76.2061555665379,-1715.1111,891.60736
957,493,460,12.2087132280094,76.2061304103823,-2517.111,1141.5469
958,493,461,12.2085890667003,76.2061052542267,-2658.4685,1086.1898
959,493,462,12.2084649053912,76.2060800980711,-1939.3389,1604.9027
960,493,463,12.2083407440821,76.2060549419155,-1105.8593,1004.19336
961,493,464,12.2082165827731,76.20602978576,-609.3241,525.9973
962,493,465,12.208092421464,76.2060046296044,-851.98145,443.69073
963,493,466,12.2079682601549,76.2059794734488,-853.0741,648.6232
964,493,467,12.2078440988458,76.2059543172932,-1098.4796,926.7686
965,493,468,12.2077199375367,76.2059291611376,-901.95,1346.4198
966,493,469,12.2075957762276,76.2059040049821,-1047.1555,1563.5696
967,493,470,12.2074716149185,76.2058788488265,-754.2278,1480.8882
968,493,471,12.2073474536094,76.2058536926709,-187.66112,1603.1847
969,493,472,12.2072232923004,76.2058285365153,434.19632,1141.6451
970,493,473,12.2070991309913,76.2058033803598,833.4296,774.4303
971,493,474,12.2069749696822,76.2057782242042,770.55554,758.31525
972,493,475,12.2068508083731,76.2057530680486,857.3333,597.52155
973,493,476,12.206726647064,76.2057279118931,901.9722,498.59827
974,493,477,12.2066024857549,76.2057027557375,815.2185,379.94308
975,493,478,12.2064783244458,76.2056775995819,833.0426,547.02747
976,493,479,12.2063541631367,76.2056524434264,1054.013,599.8631
977,493,480,12.2062300018277,76.2056272872708,1322.7666,779.7824
978,493,481,12.2061058405186,76.2056021311153,1299.5759,706.1524
979,493,482,12.2059816792095,76.2055769749597,951.72217,907.4258
980,493,483,12.2058575179004,76.2055518188042,104.99073,994.5918
981,493,484,12.2057333565913,76.2055266626486,-480.19815,948.1288
982,493,485,12.2056091952822,76.205501506493,-827.65924,637.6479
983,493,486,12.2054850339731,76.2054763503375,-740.613,540.25116
984,493,487,12.205360872664,76.2054511941819,-255.13148,697.30225
985,493,488,12.205236711355,76.2054260380264,42.644447,616.86676
986,493,489,12.2051125500459,76.2054008818708,478.49817,375.68137
987,493,490,12.2049883887368,76.2053757257153,473.5926,446.4096
988,493,491,12.2048642274277,76.2053505695598,468.80188,606.60205
989,493,492,12.2047400661186,76.2053254134042,203.15186,624.51624
990,493,493,12.2046159048095,76.2053002572487,86.12038,603.98834
991,493,494,12.2044917435004,76.2052751010931,-174.07222,528.42114
992,493,495,12.2043675821913,76.2052499449376,-457.00186,716.6266
993,493,496,12.2042434208823,76.205224788782,-311.8963,1240.17
994,493,497,12.2041192595732,76.2051996326265,597.75183,1675.4872
995,493,498,12.2039950982641,76.205174476471,1693.2815,1369.4724
996,493,499,12.203870936955,76.2051493203154,2041.85,948.14343
997,493,500,12.2037467756459,76.2051241641599,1317.2148,1444.3949
998,493,501,12.2036226143368,76.2050990080044,454.40002,1252.3887
999,493,502,12.2034984530277,76.2050738518489,-386.52777,789.5059
1000,493,503,12.2033742917186,76.2050486956933,-846.6574,904.2931
1001,493,504,12.2032501304096,76.2050235395378,-1106.5148,849.73444
1002,493,505,12.2031259691005,76.2049983833823,-1068.4796,905.17596
1003,493,506,12.2030018077914,76.2049732272267,-1318.9778,1018.13873
1004,493,507,12.2028776464823,76.2049480710712,-1601.8574,1057.0068
1005,493,508,12.2027534851732,76.2049229149157,-1746.1111,814.1579
1006,493,509,12.2026293238641,76.2048977587602,-1340.9519,716.1978
1007,493,510,12.202505162555,76.2048726026047,-584.54626,792.87164
1008,493,511,12.202381001246,76.2048474464492,118.698166,912.4293
1009,493,512,12.2022568399369,76.2048222902936,619.45184,679.75
1010,493,513,12.2021326786278,76.2047971341381,476.26852,909.44403
1011,493,514,12.2020085173187,76.2047719779826,268.46942,987.8382
1012,493,515,NaN,NaN,NaN,NaN
1013,492,515,NaN,NaN,NaN,NaN
1014,491,515,NaN,NaN,NaN,NaN
1015,490,515,NaN,NaN,NaN,NaN
1016,489,515,NaN,NaN,NaN,NaN
1017,488,515,NaN,NaN,NaN,NaN
1018,487,515,NaN,NaN,NaN,NaN
1019,486,515,NaN,NaN,NaN,NaN
1020,485,515,NaN,NaN,NaN,NaN
1021,484,515,NaN,NaN,NaN,NaN
1022,483,515,NaN,NaN,NaN,NaN
1023,482,515,NaN,NaN,NaN,NaN
1024,481,515,NaN,NaN,NaN,NaN
1025,480,515,NaN,NaN,NaN,NaN
1026,479,515,NaN,NaN,NaN,NaN
1027,478,515,NaN,NaN,NaN,NaN
1028,477,515,NaN,NaN,NaN,NaN
1029,476,515,NaN,NaN,NaN,NaN
1030,475,515,NaN,NaN,NaN,NaN
1031,474,515,NaN,NaN,NaN,NaN
1032,473,515,NaN,NaN,NaN,NaN
1033,472,515,NaN,NaN,NaN,NaN
1034,471,515,NaN,NaN,NaN,NaN
1035,470,515,NaN,NaN,NaN,NaN
1036,469,515,NaN,NaN,NaN,NaN
1037,468,515,NaN,NaN,NaN,NaN
1038,467,515,NaN,NaN,NaN,NaN
1039,466,515,NaN,NaN,NaN,NaN
1040,465,515,NaN,NaN,NaN,NaN
1041,464,515,NaN,NaN,NaN,NaN
1042,463,515,NaN,NaN,NaN,NaN
1043,462,515,NaN,NaN,NaN,NaN
1044,461,515,NaN,NaN,NaN,NaN
1045,460,515,NaN,NaN,NaN,NaN
1046,459,515,NaN,NaN,NaN,NaN
1047,458,515,NaN,NaN,NaN,NaN
1048,457,515,NaN,NaN,NaN,NaN
1049,456,515,NaN,NaN,NaN,NaN
1050,455,515,NaN,NaN,NaN,NaN
1051,454,515,NaN,NaN,NaN,NaN
1052,453,515,NaN,NaN,NaN,NaN
1053,452,515,NaN,NaN,NaN,NaN
1054,451,515,NaN,NaN,NaN,NaN
1055,450,515,NaN,NaN,NaN,NaN
1056,449,515,NaN,NaN,NaN,NaN
1057,448,515,NaN,NaN,NaN,NaN
1058,447,515,NaN,NaN,NaN,NaN
1059,446,515,NaN,NaN,NaN,NaN
1060,445,515,NaN,NaN,NaN,NaN
1061,444,515,NaN,NaN,NaN,NaN
1062,443,515,NaN,NaN,NaN,NaN
1063,442,515,NaN,NaN,NaN,NaN
1064,441,515,NaN,NaN,NaN,NaN
1065,440,515,NaN,NaN,NaN,NaN
1066,439,515,NaN,NaN,NaN,NaN
1067,438,515,NaN,NaN,NaN,NaN
1068,437,515,NaN,NaN,NaN,NaN
1069,436,515,NaN,NaN,NaN,NaN
1070,435,515,NaN,NaN,NaN,NaN
1071,434,515,NaN,NaN,NaN,NaN
1072,433,515,NaN,NaN,NaN,NaN
1073,432,515,NaN,NaN,NaN,NaN
1074,431,515,NaN,NaN,NaN,NaN
1075,430,515,NaN,NaN,NaN,NaN
1076,429,515,NaN,NaN,NaN,NaN
1077,428,515,NaN,NaN,NaN,NaN
1078,427,515,NaN,NaN,NaN,NaN
1079,426,515,NaN,NaN,NaN,NaN
1080,425,515,NaN,NaN,NaN,NaN
1081,424,515,NaN,NaN,NaN,NaN
1082,423,515,NaN,NaN,NaN,NaN
1083,422,515,NaN,NaN,NaN,NaN
1084,421,515,NaN,NaN,NaN,NaN
1085,420,515,NaN,NaN,NaN,NaN
1086,419,515,NaN,NaN,NaN,NaN
1087,418,515,NaN,NaN,NaN,NaN
1088,417,515,NaN,NaN,NaN,NaN
1089,416,515,NaN,NaN,NaN,NaN
1090,415,515,NaN,NaN,NaN,NaN
1091,414,515,NaN,NaN,NaN,NaN
1092,413,515,NaN,NaN,NaN,NaN
1093,412,515,NaN,NaN,NaN,NaN
1094,411,515,NaN,NaN,NaN,NaN
1095,410,515,NaN,NaN,NaN,NaN
1096,409,515,NaN,NaN,NaN,NaN
1097,408,515,NaN,NaN,NaN,NaN
1098,407,515,NaN,NaN,NaN,NaN
1099,406,515,NaN,NaN,NaN,NaN
1100,405,515,NaN,NaN,NaN,NaN
1101,404,515,NaN,NaN,NaN,NaN
1102,403,515,NaN,NaN,NaN,NaN
1103,402,515,NaN,NaN,NaN,NaN
1104,401,515,NaN,NaN,NaN,NaN
1105,400,515,NaN,NaN,NaN,NaN
1106,399,515,NaN,NaN,NaN,NaN
1107,398,515,NaN,NaN,NaN,NaN
1108,397,515,NaN,NaN,NaN,NaN
1109,396,515,NaN,NaN,NaN,NaN
1110,395,515,NaN,NaN,NaN,NaN
1111,394,515,NaN,NaN,NaN,NaN
1112,393,515,NaN,NaN,NaN,NaN
1113,392,515,NaN,NaN,NaN,NaN
1114,391,515,NaN,NaN,NaN,NaN
1115,390,515,NaN,NaN,NaN,NaN
1116,389,515,NaN,NaN,NaN,NaN
1117,388,515,NaN,NaN,NaN,NaN
1118,387,515,NaN,NaN,NaN,NaN
1119,386,515,NaN,NaN,NaN,NaN
1120,385,515,NaN,NaN,NaN,NaN
1121,384,515,NaN,NaN,NaN,NaN
1122,383,515,NaN,NaN,NaN,NaN
1123,382,515,NaN,NaN,NaN,NaN
1124,381,515,NaN,NaN,NaN,NaN
1125,380,515,NaN,NaN,NaN,NaN
1126,379,515,NaN,NaN,NaN,NaN
1127,378,515,NaN,NaN,NaN,NaN
1128,377,515,NaN,NaN,NaN,NaN
1129,376,515,NaN,NaN,NaN,NaN
1130,375,515,NaN,NaN,NaN,NaN
1131,374,515,NaN,NaN,NaN,NaN
1132,373,515,NaN,NaN,NaN,NaN
1133,372,515,NaN,NaN,NaN,NaN
1134,371,515,NaN,NaN,NaN,NaN
1135,370,515,NaN,NaN,NaN,NaN
1136,369,515,NaN,NaN,NaN,NaN
1137,368,515,NaN,NaN,NaN,NaN
1138,367,515,NaN,NaN,NaN,NaN
1139,366,515,NaN,NaN,NaN,NaN
1140,365,515,NaN,NaN,NaN,NaN
1141,364,515,NaN,NaN,NaN,NaN
1142,363,515,NaN,NaN,NaN,NaN
1143,362,515,NaN,NaN,NaN,NaN
1144,361,515,NaN,NaN,NaN,NaN
1145,360,515,NaN,NaN,NaN,NaN
1146,359,515,NaN,NaN,NaN,NaN
1147,358,515,NaN,NaN,NaN,NaN
1148,357,515,NaN,NaN,NaN,NaN
1149,356,515,NaN,NaN,NaN,NaN
1150,355,515,NaN,NaN,NaN,NaN
1151,354,515,NaN,NaN,NaN,NaN
1152,353,515,NaN,NaN,NaN,NaN
1153,352,515,NaN,NaN,NaN,NaN
1154,351,515,NaN,NaN,NaN,NaN
1155,350,515,NaN,NaN,NaN,NaN
1156,349,515,NaN,NaN,NaN,NaN
1157,348,515,NaN,NaN,NaN,NaN
1158,347,515,NaN,NaN,NaN,NaN
1159,346,515,NaN,NaN,NaN,NaN
1160,345,515,NaN,NaN,NaN,NaN
1161,344,515,NaN,NaN,NaN,NaN
1162,343,515,NaN,NaN,NaN,NaN
1163,342,515,NaN,NaN,NaN,NaN
1164,341,515,NaN,NaN,NaN,NaN
1165,340,515,NaN,NaN,NaN,NaN
1166,339,515,NaN,NaN,NaN,NaN
1167,338,515,NaN,NaN,NaN,NaN
1168,337,515,NaN,NaN,NaN,NaN
1169,336,515,NaN,NaN,NaN,NaN
1170,335,515,NaN,NaN,NaN,NaN
1171,334,515,NaN,NaN,NaN,NaN
1172,333,515,NaN,NaN,NaN,NaN
1173,332,515,NaN,NaN,NaN,NaN
1174,331,515,NaN,NaN,NaN,NaN
1175,330,515,NaN,NaN,NaN,NaN
1176,329,515,NaN,NaN,NaN,NaN
1177,328,515,NaN,NaN,NaN,NaN
1178,327,515,NaN,NaN,NaN,NaN
1179,326,515,NaN,NaN,NaN,NaN
1180,325,515,NaN,NaN,NaN,NaN
1181,324,515,NaN,NaN,NaN,NaN
1182,323,515,NaN,NaN,NaN,NaN
1183,322,515,NaN,NaN,NaN,NaN
1184,321,515,NaN,NaN,NaN,NaN
1185,320,515,NaN,NaN,NaN,NaN
1186,319,515,NaN,NaN,NaN,NaN
1187,318,515,NaN,NaN,NaN,NaN
1188,317,515,NaN,NaN,NaN,NaN
1189,316,515,NaN,NaN,NaN,NaN
1190,315,515,NaN,NaN,NaN,NaN
1191,314,515,NaN,NaN,NaN,NaN
1192,313,515,NaN,NaN,NaN,NaN
1193,312,515,NaN,NaN,NaN,NaN
1194,311,515,NaN,NaN,NaN,NaN
1195,310,515,NaN,NaN,NaN,NaN
1196,309,515,NaN,NaN,NaN,NaN
1197,308,515,NaN,NaN,NaN,NaN
1198,307,515,NaN,NaN,NaN,NaN
1199,306,515,NaN,NaN,NaN,NaN
1200,305,515,NaN,NaN,NaN,NaN
1201,304,515,NaN,NaN,NaN,NaN
1202,303,515,NaN,NaN,NaN,NaN
1203,302,515,NaN,NaN,NaN,NaN
1204,301,515,NaN,NaN,NaN,NaN
1205,300,515,NaN,NaN,NaN,NaN
1206,299,515,NaN,NaN,NaN,NaN
1207,298,515,NaN,NaN,NaN,NaN
1208,297,515,NaN,NaN,NaN,NaN
1209,296,515,NaN,NaN,NaN,NaN
1210,295,515,NaN,NaN,NaN,NaN
1211,294,515,NaN,NaN,NaN,NaN
1212,293,515,NaN,NaN,NaN,NaN
1213,292,515,NaN,NaN,NaN,NaN
1214,291,515,NaN,NaN,NaN,NaN
1215,290,515,NaN,NaN,NaN,NaN
1216,289,515,NaN,NaN,NaN,NaN
1217,288,515,NaN,NaN,NaN,NaN
1218,287,515,NaN,NaN,NaN,NaN
1219,286,515,NaN,NaN,NaN,NaN
1220,285,515,NaN,NaN,NaN,NaN
1221,284,515,NaN,NaN,NaN,NaN
1222,283,515,NaN,NaN,NaN,NaN
1223,282,515,NaN,NaN,NaN,NaN
1224,281,515,NaN,NaN,NaN,NaN
1225,280,515,NaN,NaN,NaN,NaN
1226,279,515,NaN,NaN,NaN,NaN
1227,278,515,NaN,NaN,NaN,NaN
1228,277,515,NaN,NaN,NaN,NaN
1229,276,515,NaN,NaN,NaN,NaN
1230,275,515,NaN,NaN,NaN,NaN
1231,274,515,NaN,NaN,NaN,NaN
1232,273,515,NaN,NaN,NaN,NaN
1233,272,515,NaN,NaN,NaN,NaN
1234,271,515,NaN,NaN,NaN,NaN
1235,270,515,NaN,NaN,NaN,NaN
1236,269,515,NaN,NaN,NaN,NaN
1237,268,515,NaN,NaN,NaN,NaN
1238,267,515,NaN,NaN,NaN,NaN
1239,266,515,NaN,NaN,NaN,NaN
1240,265,515,NaN,NaN,NaN,NaN
1241,264,515,NaN,NaN,NaN,NaN
1242,263,515,NaN,NaN,NaN,NaN
1243,262,515,NaN,NaN,NaN,NaN
1244,261,515,NaN,NaN,NaN,NaN
1245,260,515,NaN,NaN,NaN,NaN
1246,259,515,NaN,NaN,NaN,NaN
1247,258,515,NaN,NaN,NaN,NaN
1248,257,515,NaN,NaN,NaN,NaN
1249,256,515,NaN,NaN,NaN,NaN
1250,255,515,NaN,NaN,NaN,NaN
1251,254,515,NaN,NaN,NaN,NaN
1252,253,515,NaN,NaN,NaN,NaN
1253,252,515,NaN,NaN,NaN,NaN
1254,251,515,NaN,NaN,NaN,NaN
1255,250,515,NaN,NaN,NaN,NaN
1256,249,515,NaN,NaN,NaN,NaN
1257,248,515,NaN,NaN,NaN,NaN
1258,247,515,NaN,NaN,NaN,NaN
1259,246,515,NaN,NaN,NaN,NaN
1260,245,515,NaN,NaN,NaN,NaN
1261,244,515,NaN,NaN,NaN,NaN
1262,243,515,NaN,NaN,NaN,NaN
1263,242,515,NaN,NaN,NaN,NaN
1264,241,515,NaN,NaN,NaN,NaN
1265,240,515,NaN,NaN,NaN,NaN
1266,239,515,NaN,NaN,NaN,NaN
1267,238,515,NaN,NaN,NaN,NaN
1268,237,515,NaN,NaN,NaN,NaN
1269,236,515,NaN,NaN,NaN,NaN
1270,235,515,NaN,NaN,NaN,NaN
1271,234,515,NaN,NaN,NaN,NaN
1272,233,515,NaN,NaN,NaN,NaN
1273,232,515,NaN,NaN,NaN,NaN
1274,231,515,NaN,NaN,NaN,NaN
1275,230,515,NaN,NaN,NaN,NaN
1276,229,515,NaN,NaN,NaN,NaN
1277,228,515,NaN,NaN,NaN,NaN
1278,227,515,NaN,NaN,NaN,NaN
1279,226,515,NaN,NaN,NaN,NaN
1280,225,515,NaN,NaN,NaN,NaN
1281,224,515,NaN,NaN,NaN,NaN
1282,223,515,NaN,NaN,NaN,NaN
1283,222,515,NaN,NaN,NaN,NaN
1284,221,515,NaN,NaN,NaN,NaN
1285,220,515,NaN,NaN,NaN,NaN
1286,219,515,NaN,NaN,NaN,NaN
1287,218,515,NaN,NaN,NaN,NaN
1288,217,515,NaN,NaN,NaN,NaN
1289,216,515,NaN,NaN,NaN,NaN
1290,215,515,NaN,NaN,NaN,NaN
1291,214,515,NaN,NaN,NaN,NaN
1292,213,515,NaN,NaN,NaN,NaN
1293,212,515,NaN,NaN,NaN,NaN
1294,211,515,NaN,NaN,NaN,NaN
1295,210,515,NaN,NaN,NaN,NaN
1296,209,515,NaN,NaN,NaN,NaN
1297,208,515,NaN,NaN,NaN,NaN
1298,207,515,NaN,NaN,NaN,NaN
1299,206,515,NaN,NaN,NaN,NaN
1300,205,515,NaN,NaN,NaN,NaN
1301,204,515,NaN,NaN,NaN,NaN
1302,203,515,NaN,NaN,NaN,NaN
1303,202,515,NaN,NaN,NaN,NaN
1304,201,515,NaN,NaN,NaN,NaN
1305,200,515,NaN,NaN,NaN,NaN
1306,199,515,NaN,NaN,NaN,NaN
1307,198,515,NaN,NaN,NaN,NaN
1308,197,515,NaN,NaN,NaN,NaN
1309,196,515,NaN,NaN,NaN,NaN
1310,195,515,NaN,NaN,NaN,NaN
1311,194,515,NaN,NaN,NaN,NaN
1312,193,515,NaN,NaN,NaN,NaN
1313,192,515,NaN,NaN,NaN,NaN
1314,191,515,NaN,NaN,NaN,NaN
1315,190,515,NaN,NaN,NaN,NaN
1316,189,515,NaN,NaN,NaN,NaN
1317,188,515,NaN,NaN,NaN,NaN
1318,187,515,NaN,NaN,NaN,NaN
1319,186,515,NaN,NaN,NaN,NaN
1320,185,515,NaN,NaN,NaN,NaN
1321,184,515,NaN,NaN,NaN,NaN
1322,183,515,NaN,NaN,NaN,NaN
1323,182,515,NaN,NaN,NaN,NaN
1324,181,515,NaN,NaN,NaN,NaN
1325,180,515,NaN,NaN,NaN,NaN
1326,179,515,NaN,NaN,NaN,NaN
1327,178,515,NaN,NaN,NaN,NaN
1328,177,515,NaN,NaN,NaN,NaN
1329,176,515,NaN,NaN,NaN,NaN
1330,175,515,NaN,NaN,NaN,NaN
1331,174,515,NaN,NaN,NaN,NaN
1332,173,515,NaN,NaN,NaN,NaN
1333,172,515,NaN,NaN,NaN,NaN
1334,171,515,NaN,NaN,NaN,NaN
1335,170,515,NaN,NaN,NaN,NaN
1336,169,515,NaN,NaN,NaN,NaN
1337,168,515,NaN,NaN,NaN,NaN
1338,167,515,NaN,NaN,NaN,NaN
1339,166,515,NaN,NaN,NaN,NaN
1340,165,515,NaN,NaN,NaN,NaN
1341,164,515,NaN,NaN,NaN,NaN
1342,163,515,NaN,NaN,NaN,NaN
1343,162,515,NaN,NaN,NaN,NaN
1344,161,515,NaN,NaN,NaN,NaN
1345,160,515,NaN,NaN,NaN,NaN
1346,159,515,NaN,NaN,NaN,NaN
1347,158,515,NaN,NaN,NaN,NaN
1348,157,515,NaN,NaN,NaN,NaN
1349,156,515,NaN,NaN,NaN,NaN
1350,155,515,NaN,NaN,NaN,NaN
1351,154,515,NaN,NaN,NaN,NaN
1352,153,515,NaN,NaN,NaN,NaN
1353,152,515,NaN,NaN,NaN,NaN
1354,151,515,NaN,NaN,NaN,NaN
1355,150,515,NaN,NaN,NaN,NaN
1356,149,515,NaN,NaN,NaN,NaN
1357,148,515,NaN,NaN,NaN,NaN
1358,147,515,NaN,NaN,NaN,NaN
1359,146,515,NaN,NaN,NaN,NaN
1360,145,515,NaN,NaN,NaN,NaN
1361,144,515,NaN,NaN,NaN,NaN
1362,143,515,NaN,NaN,NaN,NaN
1363,142,515,NaN,NaN,NaN,NaN
1364,141,515,NaN,NaN,NaN,NaN
1365,140,515,NaN,NaN,NaN,NaN
1366,139,515,NaN,NaN,NaN,NaN
1367,138,515,NaN,NaN,NaN,NaN
1368,137,515,NaN,NaN,NaN,NaN
1369,136,515,NaN,NaN,NaN,NaN
1370,135,515,NaN,NaN,NaN,NaN
1371,134,515,NaN,NaN,NaN,NaN
1372,133,515,NaN,NaN,NaN,NaN
1373,132,515,NaN,NaN,NaN,NaN
1374,131,515,NaN,NaN,NaN,NaN
1375,130,515,NaN,NaN,NaN,NaN
1376,129,515,NaN,NaN,NaN,NaN
1377,128,515,NaN,NaN,NaN,NaN
1378,127,515,NaN,NaN,NaN,NaN
1379,126,515,NaN,NaN,NaN,NaN
1380,125,515,NaN,NaN,NaN,NaN
1381,124,515,NaN,NaN,NaN,NaN
1382,123,515,NaN,NaN,NaN,NaN
1383,122,515,NaN,NaN,NaN,NaN
1384,121,515,NaN,NaN,NaN,NaN
1385,120,515,NaN,NaN,NaN,NaN
1386,119,515,NaN,NaN,NaN,NaN
1387,118,515,NaN,NaN,NaN,NaN
1388,117,515,NaN,NaN,NaN,NaN
1389,116,515,NaN,NaN,NaN,NaN
1390,115,515,NaN,NaN,NaN,NaN
1391,114,515,NaN,NaN,NaN,NaN
1392,113,515,NaN,NaN,NaN,NaN
1393,112,515,NaN,NaN,NaN,NaN
1394,111,515,NaN,NaN,NaN,NaN
1395,110,515,NaN,NaN,NaN,NaN
1396,109,515,NaN,NaN,NaN,NaN
1397,108,515,NaN,NaN,NaN,NaN
1398,107,515,NaN,NaN,NaN,NaN
1399,106,515,NaN,NaN,NaN,NaN
1400,105,515,NaN,NaN,NaN,NaN
1401,104,515,NaN,NaN,NaN,NaN
1402,103,515,NaN,NaN,NaN,NaN
1403,102,515,NaN,NaN,NaN,NaN
1404,101,515,NaN,NaN,NaN,NaN
1405,100,515,NaN,NaN,NaN,NaN
1406,99,515,NaN,NaN,NaN,NaN
1407,98,515,NaN,NaN,NaN,NaN
1408,97,515,NaN,NaN,NaN,NaN
1409,96,515,NaN,NaN,NaN,NaN
1410,95,515,NaN,NaN,NaN,NaN
1411,94,515,NaN,NaN,NaN,NaN
1412,93,515,NaN,NaN,NaN,NaN
1413,92,515,NaN,NaN,NaN,NaN
1414,91,515,NaN,NaN,NaN,NaN
1415,90,515,NaN,NaN,NaN,NaN
1416,89,515,NaN,NaN,NaN,NaN
1417,88,515,NaN,NaN,NaN,NaN
1418,87,515,NaN,NaN,NaN,NaN
1419,86,515,NaN,NaN,NaN,NaN
1420,85,515,NaN,NaN,NaN,NaN
1421,84,515,NaN,NaN,NaN,NaN
1422,83,515,NaN,NaN,NaN,NaN
1423,82,515,NaN,NaN,NaN,NaN
1424,81,515,NaN,NaN,NaN,NaN
1425,80,515,NaN,NaN,NaN,NaN
1426,79,515,NaN,NaN,NaN,NaN
1427,78,515,NaN,NaN,NaN,NaN
1428,77,515,NaN,NaN,NaN,NaN
1429,76,515,NaN,NaN,NaN,NaN
1430,75,515,NaN,NaN,NaN,NaN
1431,74,515,NaN,NaN,NaN,NaN
1432,73,515,NaN,NaN,NaN,NaN
1433,72,515,NaN,NaN,NaN,NaN
1434,71,515,NaN,NaN,NaN,NaN
1435,70,515,NaN,NaN,NaN,NaN
1436,69,515,NaN,NaN,NaN,NaN
1437,68,515,NaN,NaN,NaN,NaN
1438,67,515,NaN,NaN,NaN,NaN
1439,66,515,NaN,NaN,NaN,NaN
1440,65,515,NaN,NaN,NaN,NaN
1441,64,515,NaN,NaN,NaN,NaN
1442,63,515,NaN,NaN,NaN,NaN
1443,62,515,NaN,NaN,NaN,NaN
1444,61,515,NaN,NaN,NaN,NaN
1445,60,515,NaN,NaN,NaN,NaN
1446,59,515,NaN,NaN,NaN,NaN
1447,58,515,NaN,NaN,NaN,NaN
1448,57,515,NaN,NaN,NaN,NaN
1449,56,515,NaN,NaN,NaN,NaN
1450,55,515,NaN,NaN,NaN,NaN
1451,54,515,NaN,NaN,NaN,NaN
1452,53,515,NaN,NaN,NaN,NaN
1453,52,515,NaN,NaN,NaN,NaN
1454,51,515,NaN,NaN,NaN,NaN
1455,50,515,NaN,NaN,NaN,NaN
1456,49,515,NaN,NaN,NaN,NaN
1457,48,515,NaN,NaN,NaN,NaN
1458,47,515,NaN,NaN,NaN,NaN
1459,46,515,NaN,NaN,NaN,NaN
1460,45,515,NaN,NaN,NaN,NaN
1461,44,515,NaN,NaN,NaN,NaN
1462,43,515,NaN,NaN,NaN,NaN
1463,42,515,NaN,NaN,NaN,NaN
1464,41,515,NaN,NaN,NaN,NaN
1465,40,515,NaN,NaN,NaN,NaN
1466,39,515,NaN,NaN,NaN,NaN
1467,38,515,NaN,NaN,NaN,NaN
1468,37,515,NaN,NaN,NaN,NaN
1469,36,515,NaN,NaN,NaN,NaN
1470,35,515,NaN,NaN,NaN,NaN
1471,34,515,NaN,NaN,NaN,NaN
1472,33,515,NaN,NaN,NaN,NaN
1473,32,515,NaN,NaN,NaN,NaN
1474,31,515,NaN,NaN,NaN,NaN
1475,30,515,NaN,NaN,NaN,NaN
1476,29,515,NaN,NaN,NaN,NaN
1477,28,515,NaN,NaN,NaN,NaN
1478,27,515,NaN,NaN,NaN,NaN
1479,26,515,NaN,NaN,NaN,NaN
1480,25,515,NaN,NaN,NaN,NaN
1481,24,515,NaN,NaN,NaN,NaN
1482,23,515,NaN,NaN,NaN,NaN
1483,22,515,NaN,NaN,NaN,NaN
1484,21,515,NaN,NaN,NaN,NaN
1485,20,515,NaN,NaN,NaN,NaN
1486,19,515,NaN,NaN,NaN,NaN
1487,18,515,NaN,NaN,NaN,NaN
1488,17,515,NaN,NaN,NaN,NaN
1489,16,515,NaN,NaN,NaN,NaN
1490,15,515,NaN,NaN,NaN,NaN
1491,14,515,NaN,NaN,NaN,NaN
1492,13,515,NaN,NaN,NaN,NaN
1493,12,515,NaN,NaN,NaN,NaN
1494,11,515,NaN,NaN,NaN,NaN
1495,10,515,NaN,NaN,NaN,NaN
1496,9,515,NaN,NaN,NaN,NaN
1497,8,515,NaN,NaN,NaN,NaN
1498,7,515,NaN,NaN,NaN,NaN
1499,6,515,NaN,NaN,NaN,NaN
1500,5,515,NaN,NaN,NaN,NaN
1501,4,515,NaN,NaN,NaN,NaN
1502,3,515,NaN,NaN,NaN,NaN
1503,2,515,NaN,NaN,NaN,NaN
1504,1,515,NaN,NaN,NaN,NaN
1505,0,515,NaN,NaN,NaN,NaN
1506,-1,515,NaN,NaN,NaN,NaN
1507,-1,514,NaN,NaN,NaN,NaN
1508,-1,513,NaN,NaN,NaN,NaN
1509,-1,512,NaN,NaN,NaN,NaN
1510,-1,511,NaN,NaN,NaN,NaN
1511,-1,510,NaN,NaN,NaN,NaN
1512,-1,509,NaN,NaN,NaN,NaN
1513,-1,508,NaN,NaN,NaN,NaN
1514,-1,507,NaN,NaN,NaN,NaN
1515,-1,506,NaN,NaN,NaN,NaN
1516,-1,505,NaN,NaN,NaN,NaN
1517,-1,504,NaN,NaN,NaN,NaN
1518,-1,503,NaN,NaN,NaN,NaN
1519,-1,502,NaN,NaN,NaN,NaN
1520,-1,501,NaN,NaN,NaN,NaN
1521,-1,500,NaN,NaN,NaN,NaN
1522,-1,499,NaN,NaN,NaN,NaN
1523,-1,498,NaN,NaN,NaN,NaN
1524,-1,497,NaN,NaN,NaN,NaN
1525,-1,496,NaN,NaN,NaN,NaN
1526,-1,495,NaN,NaN,NaN,NaN
1527,-1,494,NaN,NaN,NaN,NaN
1528,-1,493,NaN,NaN,NaN,NaN
1529,-1,492,NaN,NaN,NaN,NaN
1530,-1,491,NaN,NaN,NaN,NaN
1531,-1,490,NaN,NaN,NaN,NaN
1532,-1,489,NaN,NaN,NaN,NaN
1533,-1,488,NaN,NaN,NaN,NaN
1534,-1,487,NaN,NaN,NaN,NaN
1535,-1,486,NaN,NaN,NaN,NaN
1536,-1,485,NaN,NaN,NaN,NaN
1537,-1,484,NaN,NaN,NaN,NaN
1538,-1,483,NaN,NaN,NaN,NaN
1539,-1,482,NaN,NaN,NaN,NaN
1540,-1,481,NaN,NaN,NaN,NaN
1541,-1,480,NaN,NaN,NaN,NaN
1542,-1,479,NaN,NaN,NaN,NaN
1543,-1,478,NaN,NaN,NaN,NaN
1544,-1,477,NaN,NaN,NaN,NaN
1545,-1,476,NaN,NaN,NaN,NaN
1546,-1,475,NaN,NaN,NaN,NaN
1547,-1,474,NaN,NaN,NaN,NaN
1548,-1,473,NaN,NaN,NaN,NaN
1549,-1,472,NaN,NaN,NaN,NaN
1550,-1,471,NaN,NaN,NaN,NaN
1551,-1,470,NaN,NaN,NaN,NaN
1552,-1,469,NaN,NaN,NaN,NaN
1553,-1,468,NaN,NaN,NaN,NaN
1554,-1,467,NaN,NaN,NaN,NaN
1555,-1,466,NaN,NaN,NaN,NaN
1556,-1,465,NaN,NaN,NaN,NaN
1557,-1,464,NaN,NaN,NaN,NaN
1558,-1,463,NaN,NaN,NaN,NaN
1559,-1,462,NaN,NaN,NaN,NaN
1560,-1,461,NaN,NaN,NaN,NaN
1561,-1,460,NaN,NaN,NaN,NaN
1562,-1,459,NaN,NaN,NaN,NaN
1563,-1,458,NaN,NaN,NaN,NaN
1564,-1,457,NaN,NaN,NaN,NaN
1565,-1,456,NaN,NaN,NaN,NaN
1566,-1,455,NaN,NaN,NaN,NaN
1567,-1,454,NaN,NaN,NaN,NaN
1568,-1,453,NaN,NaN,NaN,NaN
1569,-1,452,NaN,NaN,NaN,NaN
1570,-1,451,NaN,NaN,NaN,NaN
1571,-1,450,NaN,NaN,NaN,NaN
1572,-1,449,NaN,NaN,NaN,NaN
1573,-1,448,NaN,NaN,NaN,NaN
1574,-1,447,NaN,NaN,NaN,NaN
1575,-1,446,NaN,NaN,NaN,NaN
1576,-1,445,NaN,NaN,NaN,NaN
1577,-1,444,NaN,NaN,NaN,NaN
1578,-1,443,NaN,NaN,NaN,NaN
1579,-1,442,NaN,NaN,NaN,NaN
1580,-1,441,NaN,NaN,NaN,NaN
1581,-1,440,NaN,NaN,NaN,NaN
1582,-1,439,NaN,NaN,NaN,NaN
1583,-1,438,NaN,NaN,NaN,NaN
1584,-1,437,NaN,NaN,NaN,NaN
1585,-1,436,NaN,NaN,NaN,NaN
1586,-1,435,NaN,NaN,NaN,NaN
1587,-1,434,NaN,NaN,NaN,NaN
1588,-1,433,NaN,NaN,NaN,NaN
1589,-1,432,NaN,NaN,NaN,NaN
1590,-1,431,NaN,NaN,NaN,NaN
1591,-1,430,NaN,NaN,NaN,NaN
1592,-1,429,NaN,NaN,NaN,NaN
1593,-1,428,NaN,NaN,NaN,NaN
1594,-1,427,NaN,NaN,NaN,NaN
1595,-1,426,NaN,NaN,NaN,NaN
1596,-1,425,NaN,NaN,NaN,NaN
1597,-1,424,NaN,NaN,NaN,NaN
1598,-1,423,NaN,NaN,NaN,NaN
1599,-1,422,NaN,NaN,NaN,NaN
1600,-1,421,NaN,NaN,NaN,NaN
1601,-1,420,NaN,NaN,NaN,NaN
1602,-1,419,NaN,NaN,NaN,NaN
1603,-1,418,NaN,NaN,NaN,NaN
1604,-1,417,NaN,NaN,NaN,NaN
1605,-1,416,NaN,NaN,NaN,NaN
1606,-1,415,NaN,NaN,NaN,NaN
1607,-1,414,NaN,NaN,NaN,NaN
1608,-1,413,NaN,NaN,NaN,NaN
1609,-1,412,NaN,NaN,NaN,NaN
1610,-1,411,NaN,NaN,NaN,NaN
1611,-1,410,NaN,NaN,NaN,NaN
1612,-1,409,NaN,NaN,NaN,NaN
1613,-1,408,NaN,NaN,NaN,NaN
1614,-1,407,NaN,NaN,NaN,NaN
1615,-1,406,NaN,NaN,NaN,NaN
1616,-1,405,NaN,NaN,NaN,NaN
1617,-1,404,NaN,NaN,NaN,NaN
1618,-1,403,NaN,NaN,NaN,NaN
1619,-1,402,NaN,NaN,NaN,NaN
1620,-1,401,NaN,NaN,NaN,NaN
1621,-1,400,NaN,NaN,NaN,NaN
1622,-1,399,NaN,NaN,NaN,NaN
1623,-1,398,NaN,NaN,NaN,NaN
1624,-1,397,NaN,NaN,NaN,NaN
1625,-1,396,NaN,NaN,NaN,NaN
1626,-1,395,NaN,NaN,NaN,NaN
1627,-1,394,NaN,NaN,NaN,NaN
1628,-1,393,NaN,NaN,NaN,NaN
1629,-1,392,NaN,NaN,NaN,NaN
1630,-1,391,NaN,NaN,NaN,NaN
1631,-1,390,NaN,NaN,NaN,NaN
1632,-1,389,NaN,NaN,NaN,NaN
1633,-1,388,NaN,NaN,NaN,NaN
1634,-1,387,NaN,NaN,NaN,NaN
1635,-1,386,NaN,NaN,NaN,NaN
1636,-1,385,NaN,NaN,NaN,NaN
1637,-1,384,NaN,NaN,NaN,NaN
1638,-1,383,NaN,NaN,NaN,NaN
1639,-1,382,NaN,NaN,NaN,NaN
1640,-1,381,NaN,NaN,NaN,NaN
1641,-1,380,NaN,NaN,NaN,NaN
1642,-1,379,NaN,NaN,NaN,NaN
1643,-1,378,NaN,NaN,NaN,NaN
1644,-1,377,NaN,NaN,NaN,NaN
1645,-1,376,NaN,NaN,NaN,NaN
1646,-1,375,NaN,NaN,NaN,NaN
1647,-1,374,NaN,NaN,NaN,NaN
1648,-1,373,NaN,NaN,NaN,NaN
1649,-1,372,NaN,NaN,NaN,NaN
1650,-1,371,NaN,NaN,NaN,NaN
1651,-1,370,NaN,NaN,NaN,NaN
1652,-1,369,NaN,NaN,NaN,NaN
1653,-1,368,NaN,NaN,NaN,NaN
1654,-1,367,NaN,NaN,NaN,NaN
1655,-1,366,NaN,NaN,NaN,NaN
1656,-1,365,NaN,NaN,NaN,NaN
1657,-1,364,NaN,NaN,NaN,NaN
1658,-1,363,NaN,NaN,NaN,NaN
1659,-1,362,NaN,NaN,NaN,NaN
1660,-1,361,NaN,NaN,NaN,NaN
1661,-1,360,NaN,NaN,NaN,NaN
1662,-1,359,NaN,NaN,NaN,NaN
1663,-1,358,NaN,NaN,NaN,NaN
1664,-1,357,NaN,NaN,NaN,NaN
1665,-1,356,NaN,NaN,NaN,NaN
1666,-1,355,NaN,NaN,NaN,NaN
1667,-1,354,NaN,NaN,NaN,NaN
1668,-1,353,NaN,NaN,NaN,NaN
1669,-1,352,NaN,NaN,NaN,NaN
1670,-1,351,NaN,NaN,NaN,NaN
1671,-1,350,NaN,NaN,NaN,NaN
1672,-1,349,NaN,NaN,NaN,NaN
1673,-1,348,NaN,NaN,NaN,NaN
1674,-1,347,NaN,NaN,NaN,NaN
1675,-1,346,NaN,NaN,NaN,NaN
1676,-1,345,NaN,NaN,NaN,NaN
1677,-1,344,NaN,NaN,NaN,NaN
1678,-1,343,NaN,NaN,NaN,NaN
1679,-1,342,NaN,NaN,NaN,NaN
1680,-1,341,NaN,NaN,NaN,NaN
1681,-1,340,NaN,NaN,NaN,NaN
1682,-1,339,NaN,NaN,NaN,NaN
1683,-1,338,NaN,NaN,NaN,NaN
1684,-1,337,NaN,NaN,NaN,NaN
1685,-1,336,NaN,NaN,NaN,NaN
1686,-1,335,NaN,NaN,NaN,NaN
1687,-1,334,NaN,NaN,NaN,NaN
1688,-1,333,NaN,NaN,NaN,NaN
1689,-1,332,NaN,NaN,NaN,NaN
1690,-1,331,NaN,NaN,NaN,NaN
1691,-1,330,NaN,NaN,NaN,NaN
1692,-1,329,NaN,NaN,NaN,NaN
1693,-1,328,NaN,NaN,NaN,NaN
1694,-1,327,NaN,NaN,NaN,NaN
1695,-1,326,NaN,NaN,NaN,NaN
1696,-1,325,NaN,NaN,NaN,NaN
1697,-1,324,NaN,NaN,NaN,NaN
1698,-1,323,NaN,NaN,NaN,NaN
1699,-1,322,NaN,NaN,NaN,NaN
1700,-1,321,NaN,NaN,NaN,NaN
1701,-1,320,NaN,NaN,NaN,NaN
1702,-1,319,NaN,NaN,NaN,NaN
1703,-1,318,NaN,NaN,NaN,NaN
1704,-1,317,NaN,NaN,NaN,NaN
1705,-1,316,NaN,NaN,NaN,NaN
1706,-1,315,NaN,NaN,NaN,NaN
1707,-1,314,NaN,NaN,NaN,NaN
1708,-1,313,NaN,NaN,NaN,NaN
1709,-1,312,NaN,NaN,NaN,NaN
1710,-1,311,NaN,NaN,NaN,NaN
1711,-1,310,NaN,NaN,NaN,NaN
1712,-1,309,NaN,NaN,NaN,NaN
1713,-1,308,NaN,NaN,NaN,NaN
1714,-1,307,NaN,NaN,NaN,NaN
1715,-1,306,NaN,NaN,NaN,NaN
1716,-1,305,NaN,NaN,NaN,NaN
1717,-1,304,NaN,NaN,NaN,NaN
1718,-1,303,NaN,NaN,NaN,NaN
1719,-1,302,NaN,NaN,NaN,NaN
1720,-1,301,NaN,NaN,NaN,NaN
1721,-1,300,NaN,NaN,NaN,NaN
1722,-1,299,NaN,NaN,NaN,NaN
1723,-1,298,NaN,NaN,NaN,NaN
1724,-1,297,NaN,NaN,NaN,NaN
1725,-1,296,NaN,NaN,NaN,NaN
1726,-1,295,NaN,NaN,NaN,NaN
1727,-1,294,NaN,NaN,NaN,NaN
1728,-1,293,NaN,NaN,NaN,NaN
1729,-1,292,NaN,NaN,NaN,NaN
1730,-1,291,NaN,NaN,NaN,NaN
1731,-1,290,NaN,NaN,NaN,NaN
1732,-1,289,NaN,NaN,NaN,NaN
1733,-1,288,NaN,NaN,NaN,NaN
1734,-1,287,NaN,NaN,NaN,NaN
1735,-1,286,NaN,NaN,NaN,NaN
1736,-1,285,NaN,NaN,NaN,NaN
1737,-1,284,NaN,NaN,NaN,NaN
1738,-1,283,NaN,NaN,NaN,NaN
1739,-1,282,NaN,NaN,NaN,NaN
1740,-1,281,NaN,NaN,NaN,NaN
1741,-1,280,NaN,NaN,NaN,NaN
1742,-1,279,NaN,NaN,NaN,NaN
1743,-1,278,NaN,NaN,NaN,NaN
1744,-1,277,NaN,NaN,NaN,NaN
1745,-1,276,NaN,NaN,NaN,NaN
1746,-1,275,NaN,NaN,NaN,NaN
1747,-1,274,NaN,NaN,NaN,NaN
1748,-1,273,NaN,NaN,NaN,NaN
1749,-1,272,NaN,NaN,NaN,NaN
1750,-1,271,NaN,NaN,NaN,NaN
1751,-1,270,NaN,NaN,NaN,NaN
1752,-1,269,NaN,NaN,NaN,NaN
1753,-1,268,NaN,NaN,NaN,NaN
1754,-1,267,NaN,NaN,NaN,NaN
1755,-1,266,NaN,NaN,NaN,NaN
1756,-1,265,NaN,NaN,NaN,NaN
1757,-1,264,NaN,NaN,NaN,NaN
1758,-1,263,NaN,NaN,NaN,NaN
1759,-1,262,NaN,NaN,NaN,NaN
1760,-1,261,NaN,NaN,NaN,NaN
1761,-1,260,NaN,NaN,NaN,NaN
1762,-1,259,NaN,NaN,NaN,NaN
1763,-1,258,NaN,NaN,NaN,NaN
1764,-1,257,NaN,NaN,NaN,NaN
1765,-1,256,NaN,NaN,NaN,NaN
1766,-1,255,NaN,NaN,NaN,NaN
1767,-1,254,NaN,NaN,NaN,NaN
1768,-1,253,NaN,NaN,NaN,NaN
1769,-1,252,NaN,NaN,NaN,NaN
1770,-1,251,NaN,NaN,NaN,NaN
1771,-1,250,NaN,NaN,NaN,NaN
1772,-1,249,NaN,NaN,NaN,NaN
1773,-1,248,NaN,NaN,NaN,NaN
1774,-1,247,NaN,NaN,NaN,NaN
1775,-1,246,NaN,NaN,NaN,NaN
1776,-1,245,NaN,NaN,NaN,NaN
1777,-1,244,NaN,NaN,NaN,NaN
1778,-1,243,NaN,NaN,NaN,NaN
1779,-1,242,NaN,NaN,NaN,NaN
1780,-1,241,NaN,NaN,NaN,NaN
1781,-1,240,NaN,NaN,NaN,NaN
1782,-1,239,NaN,NaN,NaN,NaN
1783,-1,238,NaN,NaN,NaN,NaN
1784,-1,237,NaN,NaN,NaN,NaN
1785,-1,236,NaN,NaN,NaN,NaN
1786,-1,235,NaN,NaN,NaN,NaN
1787,-1,234,NaN,NaN,NaN,NaN
1788,-1,233,NaN,NaN,NaN,NaN
1789,-1,232,NaN,NaN,NaN,NaN
1790,-1,231,NaN,NaN,NaN,NaN
1791,-1,230,NaN,NaN,NaN,NaN
1792,-1,229,NaN,NaN,NaN,NaN
1793,-1,228,NaN,NaN,NaN,NaN
1794,-1,227,NaN,NaN,NaN,NaN
1795,-1,226,NaN,NaN,NaN,NaN
1796,-1,225,NaN,NaN,NaN,NaN
1797,-1,224,NaN,NaN,NaN,NaN
1798,-1,223,NaN,NaN,NaN,NaN
1799,-1,222,NaN,NaN,NaN,NaN
1800,-1,221,NaN,NaN,NaN,NaN
1801,-1,220,NaN,NaN,NaN,NaN
1802,-1,219,NaN,NaN,NaN,NaN
1803,-1,218,NaN,NaN,NaN,NaN
1804,-1,217,NaN,NaN,NaN,NaN
1805,-1,216,NaN,NaN,NaN,NaN
1806,-1,215,NaN,NaN,NaN,NaN
1807,-1,214,NaN,NaN,NaN,NaN
1808,-1,213,NaN,NaN,NaN,NaN
1809,-1,212,NaN,NaN,NaN,NaN
1810,-1,211,NaN,NaN,NaN,NaN
1811,-1,210,NaN,NaN,NaN,NaN
1812,-1,209,NaN,NaN,NaN,NaN
1813,-1,208,NaN,NaN,NaN,NaN
1814,-1,207,NaN,NaN,NaN,NaN
1815,-1,206,NaN,NaN,NaN,NaN
1816,-1,205,NaN,NaN,NaN,NaN
1817,-1,204,NaN,NaN,NaN,NaN
1818,-1,203,NaN,NaN,NaN,NaN
1819,-1,202,NaN,NaN,NaN,NaN
1820,-1,201,NaN,NaN,NaN,NaN
1821,-1,200,NaN,NaN,NaN,NaN
1822,-1,199,NaN,NaN,NaN,NaN
1823,-1,198,NaN,NaN,NaN,NaN
1824,-1,197,NaN,NaN,NaN,NaN
1825,-1,196,NaN,NaN,NaN,NaN
1826,-1,195,NaN,NaN,NaN,NaN
1827,-1,194,NaN,NaN,NaN,NaN
1828,-1,193,NaN,NaN,NaN,NaN
1829,-1,192,NaN,NaN,NaN,NaN
1830,-1,191,NaN,NaN,NaN,NaN
1831,-1,190,NaN,NaN,NaN,NaN
1832,-1,189,NaN,NaN,NaN,NaN
1833,-1,188,NaN,NaN,NaN,NaN
1834,-1,187,NaN,NaN,NaN,NaN
1835,-1,186,NaN,NaN,NaN,NaN
1836,-1,185,NaN,NaN,NaN,NaN
1837,-1,184,NaN,NaN,NaN,NaN
1838,-1,183,NaN,NaN,NaN,NaN
1839,-1,182,NaN,NaN,NaN,NaN
1840,-1,181,NaN,NaN,NaN,NaN
1841,-1,180,NaN,NaN,NaN,NaN
1842,-1,179,NaN,NaN,NaN,NaN
1843,-1,178,NaN,NaN,NaN,NaN
1844,-1,177,NaN,NaN,NaN,NaN
1845,-1,176,NaN,NaN,NaN,NaN
1846,-1,175,NaN,NaN,NaN,NaN
1847,-1,174,NaN,NaN,NaN,NaN
1848,-1,173,NaN,NaN,NaN,NaN
1849,-1,172,NaN,NaN,NaN,NaN
1850,-1,171,NaN,NaN,NaN,NaN
1851,-1,170,NaN,NaN,NaN,NaN
1852,-1,169,NaN,NaN,NaN,NaN
1853,-1,168,NaN,NaN,NaN,NaN
1854,-1,167,NaN,NaN,NaN,NaN
1855,-1,166,NaN,NaN,NaN,NaN
1856,-1,165,NaN,NaN,NaN,NaN
1857,-1,164,NaN,NaN,NaN,NaN
1858,-1,163,NaN,NaN,NaN,NaN
1859,-1,162,NaN,NaN,NaN,NaN
1860,-1,161,NaN,NaN,NaN,NaN
1861,-1,160,NaN,NaN,NaN,NaN
1862,-1,159,NaN,NaN,NaN,NaN
1863,-1,158,NaN,NaN,NaN,NaN
1864,-1,157,NaN,NaN,NaN,NaN
1865,-1,156,NaN,NaN,NaN,NaN
1866,-1,155,NaN,NaN,NaN,NaN
1867,-1,154,NaN,NaN,NaN,NaN
1868,-1,153,NaN,NaN,NaN,NaN
1869,-1,152,NaN,NaN,NaN,NaN
1870,-1,151,NaN,NaN,NaN,NaN
1871,-1,150,NaN,NaN,NaN,NaN
1872,-1,149,NaN,NaN,NaN,NaN
1873,-1,148,NaN,NaN,NaN,NaN
1874,-1,147,NaN,NaN,NaN,NaN
1875,-1,146,NaN,NaN,NaN,NaN
1876,-1,145,NaN,NaN,NaN,NaN
1877,-1,144,NaN,NaN,NaN,NaN
1878,-1,143,NaN,NaN,NaN,NaN
1879,-1,142,NaN,NaN,NaN,NaN
1880,-1,141,NaN,NaN,NaN,NaN
1881,-1,140,NaN,NaN,NaN,NaN
1882,-1,139,NaN,NaN,NaN,NaN
1883,-1,138,NaN,NaN,NaN,NaN
1884,-1,137,NaN,NaN,NaN,NaN
1885,-1,136,NaN,NaN,NaN,NaN
1886,-1,135,NaN,NaN,NaN,NaN
1887,-1,134,NaN,NaN,NaN,NaN
1888,-1,133,NaN,NaN,NaN,NaN
1889,-1,132,NaN,NaN,NaN,NaN
1890,-1,131,NaN,NaN,NaN,NaN
1891,-1,130,NaN,NaN,NaN,NaN
1892,-1,129,NaN,NaN,NaN,NaN
1893,-1,128,NaN,NaN,NaN,NaN
1894,-1,127,NaN,NaN,NaN,NaN
1895,-1,126,NaN,NaN,NaN,NaN
1896,-1,125,NaN,NaN,NaN,NaN
1897,-1,124,NaN,NaN,NaN,NaN
1898,-1,123,NaN,NaN,NaN,NaN
1899,-1,122,NaN,NaN,NaN,NaN
1900,-1,121,NaN,NaN,NaN,NaN
1901,-1,120,NaN,NaN,NaN,NaN
1902,-1,119,NaN,NaN,NaN,NaN
1903,-1,118,NaN,NaN,NaN,NaN
1904,-1,117,NaN,NaN,NaN,NaN
1905,-1,116,NaN,NaN,NaN,NaN
1906,-1,115,NaN,NaN,NaN,NaN
1907,-1,114,NaN,NaN,NaN,NaN
1908,-1,113,NaN,NaN,NaN,NaN
1909,-1,112,NaN,NaN,NaN,NaN
1910,-1,111,NaN,NaN,NaN,NaN
1911,-1,110,NaN,NaN,NaN,NaN
1912,-1,109,NaN,NaN,NaN,NaN
1913,-1,108,NaN,NaN,NaN,NaN
1914,-1,107,NaN,NaN,NaN,NaN
1915,-1,106,NaN,NaN,NaN,NaN
1916,-1,105,NaN,NaN,NaN,NaN
1917,-1,104,NaN,NaN,NaN,NaN
1918,-1,103,NaN,NaN,NaN,NaN
1919,-1,102,NaN,NaN,NaN,NaN
1920,-1,101,NaN,NaN,NaN,NaN
1921,-1,100,NaN,NaN,NaN,NaN
1922,-1,99,NaN,NaN,NaN,NaN
1923,-1,98,NaN,NaN,NaN,NaN
1924,-1,97,NaN,NaN,NaN,NaN
1925,-1,96,NaN,NaN,NaN,NaN
1926,-1,95,NaN,NaN,NaN,NaN
1927,-1,94,NaN,NaN,NaN,NaN
1928,-1,93,NaN,NaN,NaN,NaN
1929,-1,92,NaN,NaN,NaN,NaN
1930,-1,91,NaN,NaN,NaN,NaN
1931,-1,90,NaN,NaN,NaN,NaN
1932,-1,89,NaN,NaN,NaN,NaN
1933,-1,88,NaN,NaN,NaN,NaN
1934,-1,87,NaN,NaN,NaN,NaN
1935,-1,86,NaN,NaN,NaN,NaN
1936,-1,85,NaN,NaN,NaN,NaN
1937,-1,84,NaN,NaN,NaN,NaN
1938,-1,83,NaN,NaN,NaN,NaN
1939,-1,82,NaN,NaN,NaN,NaN
1940,-1,81,NaN,NaN,NaN,NaN
1941,-1,80,NaN,NaN,NaN,NaN
1942,-1,79,NaN,NaN,NaN,NaN
1943,-1,78,NaN,NaN,NaN,NaN
1944,-1,77,NaN,NaN,NaN,NaN
1945,-1,76,NaN,NaN,NaN,NaN
1946,-1,75,NaN,NaN,NaN,NaN
1947,-1,74,NaN,NaN,NaN,NaN
1948,-1,73,NaN,NaN,NaN,NaN
1949,-1,72,NaN,NaN,NaN,NaN
1950,-1,71,NaN,NaN,NaN,NaN
1951,-1,70,NaN,NaN,NaN,NaN
1952,-1,69,NaN,NaN,NaN,NaN
1953,-1,68,NaN,NaN,NaN,NaN
1954,-1,67,NaN,NaN,NaN,NaN
1955,-1,66,NaN,NaN,NaN,NaN
1956,-1,65,NaN,NaN,NaN,NaN
1957,-1,64,NaN,NaN,NaN,NaN
1958,-1,63,NaN,NaN,NaN,NaN
1959,-1,62,NaN,NaN,NaN,NaN
1960,-1,61,NaN,NaN,NaN,NaN
1961,-1,60,NaN,NaN,NaN,NaN
1962,-1,59,NaN,NaN,NaN,NaN
1963,-1,58,NaN,NaN,NaN,NaN
1964,-1,57,NaN,NaN,NaN,NaN
1965,-1,56,NaN,NaN,NaN,NaN
1966,-1,55,NaN,NaN,NaN,NaN
1967,-1,54,NaN,NaN,NaN,NaN
1968,-1,53,NaN,NaN,NaN,NaN
1969,-1,52,NaN,NaN,NaN,NaN
1970,-1,51,NaN,NaN,NaN,NaN
1971,-1,50,NaN,NaN,NaN,NaN
1972,-1,49,NaN,NaN,NaN,NaN
1973,-1,48,NaN,NaN,NaN,NaN
1974,-1,47,NaN,NaN,NaN,NaN
1975,-1,46,NaN,NaN,NaN,NaN
1976,-1,45,NaN,NaN,NaN,NaN
1977,-1,44,NaN,NaN,NaN,NaN
1978,-1,43,NaN,NaN,NaN,NaN
1979,-1,42,NaN,NaN,NaN,NaN
1980,-1,41,NaN,NaN,NaN,NaN
1981,-1,40,NaN,NaN,NaN,NaN
1982,-1,39,NaN,NaN,NaN,NaN
1983,-1,38,NaN,NaN,NaN,NaN
1984,-1,37,NaN,NaN,NaN,NaN
1985,-1,36,NaN,NaN,NaN,NaN
1986,-1,35,NaN,NaN,NaN,NaN
1987,-1,34,NaN,NaN,NaN,NaN
1988,-1,33,NaN,NaN,NaN,NaN
1989,-1,32,NaN,NaN,NaN,NaN
1990,-1,31,NaN,NaN,NaN,NaN
1991,-1,30,NaN,NaN,NaN,NaN
1992,-1,29,NaN,NaN,NaN,NaN
1993,-1,28,NaN,NaN,NaN,NaN
1994,-1,27,NaN,NaN,NaN,NaN
1995,-1,26,NaN,NaN,NaN,NaN
1996,-1,25,NaN,NaN,NaN,NaN
1997,-1,24,NaN,NaN,NaN,NaN
1998,-1,23,NaN,NaN,NaN,NaN
1999,-1,22,NaN,NaN,NaN,NaN
2000,-1,21,NaN,NaN,NaN,NaN
2001,-1,20,NaN,NaN,NaN,NaN
2002,-1,19,NaN,NaN,NaN,NaN
2003,-1,18,NaN,NaN,NaN,NaN
2004,-1,17,NaN,NaN,NaN,NaN
2005,-1,16,NaN,NaN,NaN,NaN
2006,-1,15,NaN,NaN,NaN,NaN
2007,-1,14,NaN,NaN,NaN,NaN
2008,-1,13,NaN,NaN,NaN,NaN
2009,-1,12,NaN,NaN,NaN,NaN
2010,-1,11,NaN,NaN,NaN,NaN
2011,-1,10,NaN,NaN,NaN,NaN
2012,-1,9,NaN,NaN,NaN,NaN
2013,-1,8,NaN,NaN,NaN,NaN
2014,-1,7,NaN,NaN,NaN,NaN
2015,-1,6,NaN,NaN,NaN,NaN
2016,-1,5,NaN,NaN,NaN,NaN
2017,-1,4,NaN,NaN,NaN,NaN
2018,-1,3,NaN,NaN,NaN,NaN
2019,-1,2,NaN,NaN,NaN,NaN
2020,-1,1,NaN,NaN,NaN,NaN
2021,-1,0,NaN,NaN,NaN,NaN
2022,-1,-1,NaN,NaN,NaN,NaN
2023,-1,-2,NaN,NaN,NaN,NaN
